index,id,tweet,sentimiento,entidad
0,1595289577077747713,@marhdezp_ @justsoffbane @Blue_Sealtori @BREAKYBLOOD @GeekZoneGZ ademas estar eseptica con la vacuna del covid apenas salio es algo normal  no se sabia con total claridad si podrian haber habido consecuencias a largo plazo,negativo,COVID-19
1,1595289085132025858,Amigos  ¬øqu√© opinan de la vacuna del mono?,positivo,COVID-19
2,1595288920543006720,El VAR revela verdades... Un amigo diciendo que el hombro no es donde te aplican la vacuna...  Lo mand√© a estudiar anatom√≠a,positivo,Events
3,1595288912112459776,Te puede interesar &gt; Una vacuna experimental contra el c√°ncer tiene resultados prometedores en ensayos con animales https://t.co/53UGpg1s9h,positivo,COVID-19
4,1595288864133980160,@SaludSV @FranAlabi Pongan la 5 vacuna üôÑüôÑüôÑüôÑ,negativo,COVID-19
5,1595288329721122822,En una entrevista exclusiva con The Advocate  Sandra Ortiz describi√≥ las lesiones que sufri√≥ tras recibir la vacuna COVID-19 de Pfizer  su historial m√©dico y c√≥mo es su vida hoy.   https://t.co/KNwFrd4v9J,positivo,Pfizer
6,1595287843747893248,Aplicadas 287 mil 378 dosis de vacuna contra¬†influenza https://t.co/6hNxDQOncd,negativo,COVID-19
7,1595287633776807938,@MachoteVIP @Elpublicotv NInguna vacuna hay gente que paga por ver eso  lo graban y lo ponen en Deep Internet donde pagan por verlo  eso es pornograia infantil  abuso sexual a menor y una serie de delitos aberrantes.,negativo,COVID-19
8,1595287346769018880,"@bephantol ""¬°No sabemos nada sobre esta vacuna!"" - Gente que no sabe nada sobre ninguna vacuna",negativo,COVID-19
9,1595286966127366144,@MarianaEC11 As√≠ es. Imposible pagar la vacuna $3 178.00 (ref Farmacia San Pablo) x 3 dosis x # de hij@süôÑ,negativo,COVID-19
10,1595286505517453313,"@ar2_mx Yo aunque tenga las 05 dosis de la vacuna contra el COVID-19  no me conf√≠o y me sigo cuidando mucho hasta tengo que traer puesto doble cubrebocas y veo a m√°s gente sin mascarilla facial sea en cualquier tipo de lugar ahorita est√° la variante ""Perro del Infierno""",positivo,COVID-19
11,1595286494234787842,@galupporcio @presidenciacr Contra Covid-19 se vacuna q cualquiera,negativo,COVID-19
12,1595285887847464961,Me duele mucho mi bracito por la vacuna. ü•∫,negativo,COVID-19
13,1595285794423463936,Covid-19: ¬øTodos tienen las vacunas completas? Epecialmente los mayores de 60 a√±os deben concluir sus 4 dosis de vacuna  incluyendo el reforzamiento. https://t.co/WyrrCNnsX6,negativo,COVID-19
14,1595285757404626945,@Vadodecaza1 El meteorito se llama gobierno mundial  se llama pol√≠tica  se llama √©lites... Ponle el nombre que quieras  un trozo de √©l se desprendi√≥ y nos alcanz√≥ de lleno  se llama dictadura sanitaria  vacuna cocido o como quieras. Los efectos ya se notan,positivo,Business & finance
15,1595284518184931329,Si el perro es de un vecino debe preguntar si est√° vacunado contra la rabia. Si no lo est√° o no es seguro de una al m√©dico a aplicarse la vacuna. No tapar la herida. https://t.co/0ijHOMGAeo,negativo,COVID-19
16,1595284379424591872,@VeronicaAtMo Much√≠simo  a mi me interesa mucho vacunar a mi hija  porque est√° car√≠sima la vacuna.,positivo,COVID-19
17,1595284143310520321,Para un mejor manejo cl√≠nico de los pacientes  presentan actualizaci√≥n de la Gu√≠a para el abordaje de los casos de viruela s√≠mica en M√©xico. Bien por ello.  Pero sobre  la adquisici√≥n de la vacuna  @SSalud_mx se√±ala que se requiere revisi√≥n para su an√°lisis y autorizaci√≥n. Mal üëé https://t.co/m6iappXdke,negativo,COVID-19
18,1595283888049459200,@EmbaMexRus @evillegasme @SRE_mx @CMorenoToscano1 @baguilarc @escobedox @estebang83 @mae_rusia Me mandan mas vacuna sputnik por favor. Gracias üòå,positivo,COVID-19
19,1595283868491210753,"Fauci: ""(tal vez el mensaje final que les doy desde este podio) es que  por su propia seguridad  por la de su familia  obtenga su vacuna #COVID19 actualizada tan pronto ya que es elegible para protegerse a s√≠ mismo  a su familia y a su comunidad"" https://t.co/VJfKGzNjVZ",positivo,COVID-19
20,1595283632247037952,Ice Cube dej√≥ pel√≠cula millonaria por negarse a vacunar contra Covid-19  El rapero asegur√≥ que 'no necesitaba' la vacuna contra Covid-19 y adelant√≥ que trabaja en proyectos cinematogr√°ficos independientes. https://t.co/H8htt7MSlT,negativo,Hip hop
21,1595282924919816195,Con aplicaci√≥n de vacuna cuadrivalente que protege contra Virus del Papiloma Humano  el cual puede producir c√°ncer decuello uterino  vulva  y vagina  comenz√≥ en Jalisco  campa√±a de inoculaci√≥n generalizada a ni√±as y adolescentes de 13 y 14 a√±os confirma la Secretar√≠a de Salud.,negativo,COVID-19
22,1595282794225221632,@otakon84 @Trovato0k @elprofesor1001 @aguerosergiokun https://t.co/Vyv55zeSfL ‚ÄúUna de las principales limitaciones de los datos de VAERS es que no puede determinar si la vacuna caus√≥ el evento adverso que fue reportado. Esta limitaci√≥n ha causado confusi√≥n en los datos disponibles al p√∫blico en la base de datos de VAERS WONDER  üëá,negativo,COVID-19
23,1595282697731346433,Llevan vacuna contra el papiloma humano a secundarias de Sinaloa https://t.co/b51Tmbj8Uu @SSalud_mx @saludsinaloagob  #SEPYC #PAPILOMAHUMANO #SINALOA #VACUNACION #HOY #AHORA #ALTERNATIVASINALOA https://t.co/zB77RE9idI,negativo,COVID-19
24,1595282480457809920,@PIsraelRG Vacuna?,negativo,COVID-19
25,1595282073933291523,¬øEfecto protromb√≥tico de la vacuna covid? Neurolog√≠a pide analizar muertes https://t.co/OFKR7tXtf0,negativo,COVID-19
26,1595282010544685058,#Estado | ¬°Conoce todos los detalles sobre esta vacuna en Puebla! üëáüèªüíâ  https://t.co/oyROTBDhAz,negativo,COVID-19
27,1595281742759284736,@Doris_B_62 @natho47 @biobio Pero ac√° est√°n llamando a vacunarse por el aumento de contagios para prevenir que sigan subiendo algo absurdo si ya todos sabemos que la vacuna no los previene. Est√°n dando una informaci√≥n incorrecta ü§®,positivo,COVID-19
28,1595281625893728257,"No pueden hacer una ""vacuna"" bien y ya quieren hacer eso. Jajaja https://t.co/liuG532RBy",positivo,COVID-19
29,1595281438731309056,Los gobiernos necesitan m√°s muertos por eso est√°n devuelta con la vacuna de C19.,negativo,COVID-19
30,1595280984273956864,üü®#PulsoPM | Enfermera acusada de dar a conocer tercera dosis de vacuna de Alejandro Gil contra el Covid gana juicio laboral a Cl√≠nica Las Condes https://t.co/GsPvqjlJ8G https://t.co/QTncy8plvX,negativo,COVID-19
31,1595280756888199169,@lopezobrador_ y @HLGatell aprueban la vacuna cubana Soberana  soberana porquer√≠a que ya no funciona porque est√° hecha para prevenir el virus SARS-CoV-2 no las variantes actuales. La idea no es salvar vidas  eso no le importa  les importa darle dinero a la dictadura cubana,negativo,COVID-19: Latest news updates from around the world
32,1595280743151837184,A√±o 2114  los insectos est√°n en peligro de extinci√≥n debido al excesivo consumo humano  surgen grupitos que aconsejan consumir carne vacuna ‚ôªÔ∏è https://t.co/WD38T4Wos5,negativo,COVID-19
33,1595280243526438913,@Skarlata6 @Nosoyandresf96 Pero medallo siempre nos vacuna  m√°s all√° ellos de local,negativo,COVID-19
34,1595279961996333058,@MorenaCiudadMex @Claudiashein Pues que mande reforzar las campa√±as de vacunaci√≥n contra COVID que ya repunt√≥ otra vez y todav√≠a no tenemos la √∫ltima vacuna .,positivo,Mexico political figures
35,1595279838817853440,Pasaron meses desde el √∫ltimo aumento general de la carne vacuna y de pollo  y aunque aseguran que en breve se deber√°n ‚Äúcorregir los precios‚Äù  como un efecto m√°s de la sequ√≠a  la poca demanda es la que mantiene los valores bajos. https://t.co/AUvw8ycVOe,positivo,COVID-19
36,1595279786988945409,Proceso: La linfadenopat√≠a  un efecto secundario de la vacuna covid-19  se√±alan especialistas Proceso: La linfadenopat√≠a  un efecto secundario de la vacuna covid-19  se√±alan especialistas. https://t.co/ohWdU8dLgg,negativo,COVID-19
37,1595279711160115201,@GobiernoMX @lopezobrador_ @Conacyt_MX Jajjajsjsjs igual q los ventiladores y la vacuna patria? Incompetente  anciano asnooooooo,negativo,Mexico political figures
38,1595278915756498946,@Minsa_Peru Dejen de psicosis minsa de Tapir Cerr√≥n y Castiburro  corruptos no le creo nada  dicen no estamos en 5 olas inflan cifras para contin√∫a la psicosis  la mejor vacuna es la salud mental sino baja las defensas por el p√°nico,negativo,COVID-19
39,1595278614936932352,@luisvivasf @darwingonzalezp Para tener eso no solo debes pagar impuesto. Tienes que pagar vacuna por medio de Fospuca .,negativo,COVID-19
40,1595278105580605440,@lectorcitapsi La √∫nica idiota que vacuna a un ni√±o de 1 a√±o con sustancias experimentales,negativo,COVID-19
41,1595277957077123072,@lareinadesaban @Devi97101665 yo le dec√≠a a los negavacunas que esta vacuna era para saber quienes aceptaban el sistema y que funcionar√≠a para el virus siguiente que se cargar√≠a a todo el que no la tuviese puesta. Que no ten√≠a sentido querer matar a los obedientes y dejar vivos a los disidentes üòú,negativo,COVID-19
42,1595277919215128577,@MrErreka No jodas  hay que estar enfermizo. Por cierto  no se si te cont√© que le vi cuando fui a ponerme la vacuna. Tremendo mongolo.,negativo,COVID-19
43,1595277691498172416,@Tony73_censored @Toth1727 La par√°lisis facial no ser√° de la vacuna?,negativo,COVID-19
44,1595277577618444292,@mercedesnegro @rquiroga777 Ignorantes   la verdadera pandemia comenz√≥ con el veneno experimental genocida mal llamado vacuna   hay un exceso de muertes que ya se habla en el Parlamento europeo,negativo,COVID-19
45,1595277435070996480,@AmericanoMedia Fauci es un criminal!!!! Cuantas vidas perdidas con sus protocolos  desde HIV con AZT y ahora con remdesivir para tratar COVID  Y la vacuna est√° matando millones  Vean el documental que sali√≥ hoy  Die Suddenly Aqu√≠ est√° el link#  https://t.co/wzzGK9e92G,negativo,COVID-19
46,1595277281961938944,@locatel_mx Hola üëã para la segunda dosis de la vacuna de covid si tengo una comorbilidad (C√°ncer) que tengo que hacer?,negativo,COVID-19
47,1595277009953107970,@Minsa_Peru No es ninguna viruela del mono  es herpes z√≥ster por la mal llamada vacuna cov...  dejen de ocultar la verdad de lo que est√° pasando,negativo,COVID-19
48,1595276113135165440,@locatel_mx buenas noches donde puede ponerse la vacuna una persona adulta  cuenta con 55 a√±os,positivo,COVID-19
49,1595275784549285888,@Claudiashein Hasta esta vacuna est√° retrasada. En este gobierno  se compra el 10% de las vacunas q se compraban en otros gobiernos. No presuman lo que no son. MORENA=MENTIRA #ElPeorGobiernoDeLaHistoria,negativo,Mexico political figures
50,1595275559940022277,@josdarmas @Minsa_Peru Mucho ves al doctor huertas por eso tu cerebro no da para mas entonces si los casos son aislados porque en argentina y italia van a dar indenmizacion por las muertes y efectos segunadarios de la Vacuna Experimental https://t.co/XrBAEGggqa,negativo,COVID-19
51,1595275507482099712,@RodrigoChavesR Don Rodrigo hay que pasar la p√°gina   los que  creen en la vacuna seguir√°n aplic√°ndose dosis  otros no m√°s!,negativo,COVID-19
52,1595275348207345664,@DaishaKamakshi Ayyy  esperemos que no  igual tomemos precauci√≥n   si con uno no podemos  con los 3 juntos  no quiero imaginar... la vacuna de la influenza creo que es vital.,positivo,COVID-19
53,1595275021324369921,@josdarmas @Minsa_Peru jajajajajajajaja aislados dice el imbecil oe tarado si pfizer ya reconocio que la Vacuna nunca la probaron osea es experimental y hay miles de muertes y con efectos segundarios solo que tu prensa comprada en peru no sacan esa noticia porque se le cae el negocio https://t.co/ihglM4qGMj,negativo,Pfizer
54,1595274840528883713,Hola ¬øAlguien sabe donde est√°n poniendo la vacuna de la influenza?,negativo,COVID-19
55,1595274753471807488,@ThePumexYT @MachoteVIP @Elpublicotv Creo que la madre no tomo √°cido f√≥lico en la gestaci√≥n de el... As√≠ de simple ahora por la vacuna. Que m√°s.,negativo,COVID-19
56,1595274481257385986,#Pfizer ES UN ASCO DICIENDO QUE EL EMBARAZO ES UN PROBLEMA QUE SE ARREGLA CON LA #vacuna PORQUE PROVOCA ABORTOS!  #vacunaCOVID19 #PfizerGate #PfizerLiedPeopleDied  @IllbeVr @Dante27455639 @clau_diaz66 @gloriagarzaiba @ALEGRA1988 @monicagarzag @crnalexander @kikerCG @rubengluengas https://t.co/VmWgnDdltb,negativo,Pfizer
57,1595274400688914433,@J040NURA @Patticcha @chokosoda @Minsa_Peru Segur√≠simo si pero ese dato lo tiene el minsa ellos te dir√°n. Cu√°ntos post vacuna van con efectos por esa sustancia y cu√°ntos por contagios tambi√©n,positivo,COVID-19
58,1595274325283725312,@aguileraleja @YorkOcanto las vacunas no disminuyeron nada   deje de desinformar  como puedes saberlo con un producto q se hizo en 8 meses  o es q acaso no sabe las fases para hacer una vacuna  aparte q las vacunas  NINGUNA detiene la transmisi√≥n  no sea ignorante.,positivo,COVID-19
59,1595274151698251776,@BIsozaki @Patticcha @chokosoda @Minsa_Peru Pregunta al minsa ellos saben cu√°ntas personas van por efectos post vacuna y cu√°ntos ya vacunados est√°n con COVID,negativo,COVID-19
60,1595273925809807361,@RamirezVitto @martamarco__ En donde dice un chip? Que estupidez la tuya   la vacuna esta matando gente en cantidades grandes que no lo quieras aceptar es otra cosa,negativo,COVID-19
61,1595273803021418497,amigo no puede ser q me cueste tanto conseguir el carnet de vacuna por dios necesito ayuda porfavor soy un ignorante üòî,positivo,COVID-19
62,1595273468983091200,@Ivancho_3__ Qu√© verg√ºenza de persona  llorando de alegr√≠a por vacunado a un ni√±o de 1 a√±o de algo que no es ni vacuna.,negativo,COVID-19
63,1595273111733211137,A la Dra le pareci√≥ genial ponerme unas pruebas cut√°neas no m√°s porque si y pues resulta que no solo soy al√©rgica al pasto y al fresno  tambi√©n a los perros enseguida me sali√≥ como salpullido y tuvo que ponerme una vacuna m√°s y doli√≥ cabrrrrron üò©üò≠ y faltan 2 m√°s este mes,negativo,COVID-19
64,1595272928299405314,@CarmenO26657205 Puuuuuuff. Salio Buena la primera Vacuna para la Rabia,positivo,COVID-19
65,1595272852994985984,@jpicadon @RodrigoChavesR La obligatoriedad si pero no prohibi√≥ a los que si quer√≠an hacerlo por voluntad dicho esto me imagino que ud como persona obediente tiene sus 5 pinchazos de la vacuna cierto?,positivo,COVID-19
66,1595272803502243840,#2  protecci√≥n tanto contra la reinfecci√≥n como contra la enfermedad grave. Se demostr√≥ que la inmunidad inducida por la vacuna decae m√°s r√°pido que la inmunidad natural. En general  la gravedad de los s√≠ntomas de la reinfecci√≥n es significativamente menor que en la infecci√≥n..,negativo,COVID-19
67,1595272064444792832,Me duelen los huesos por la vacuna  los dientes por las muelas de juicio y la cabeza por overthinking. Que cansancio Dios,negativo,COVID-19
68,1595271900929867778,Anuncian aplicaci√≥n de segunda dosis de vacuna contra covid-19 para ni√±as y ni√±os de cinco y seis a√±os de edad en¬†Ecatepec https://t.co/oKLmaUWaQ0,negativo,COVID-19
69,1595271893635850240,Anuncian aplicaci√≥n de segunda dosis de vacuna contra covid-19 para ni√±as y ni√±os de cinco y seis a√±os de edad en¬†Ecatepec https://t.co/jJFq8FadsN,negativo,COVID-19
70,1595271885637525504,Anuncian aplicaci√≥n de segunda dosis de vacuna contra covid-19 para ni√±as y ni√±os de cinco y seis a√±os de edad en¬†Ecatepec https://t.co/3qdMzEDaCr,negativo,COVID-19
71,1595271450323488768,casi nunca hubo ninguno de esos  casi todos morian por culiar a pelo a lo bestia mientras estaban completamente drogados y hasta se los culiaba un chimpanc√© tambien drogado  todos esos desviados modernos andan chillando por su vacuna para la viruela del mono,negativo,COVID-19
72,1595271054896898050,La vacuna contra la influenza fue la mejor decisi√≥n que pude tomar hace un mes https://t.co/LpmbrANmm0,positivo,Latin music
73,1595271006570119173,@ToniMR1969 @aflorrick77 @DeusVul94229466 Si  se puso muy malita con la vacuna  tanto que casi se muere. Y mi suegra dijo: ni una m√°s. Es incre√≠ble la defensas que tiene. S√≥lo la he visto ponerse mala un par de veces...pero mala de nada... cualquier cosa de 24 horas y listo.,negativo,COVID-19
74,1595270764877565952,7 personas murieron en Reino Unido por Trombosis Despues de Recibir la Vacuna Experimental https://t.co/sAxZl7GEK1,negativo,COVID-19
75,1595270761446506496,¬øDonde ponen la primer dosis de la vacuna?,negativo,COVID-19
76,1595270635848364032,Encontrar ARNm en la leche materna tipifica c√≥mo se sobrevendi√≥ la seguridad de la vacuna covid  https://t.co/pNLovCYWBS,positivo,COVID-19
77,1595270527979061248,Ya ratos me est√° doliendo el brazo no recordaba que me pusieron la tercera dosis de la vacuna hoy. xd,positivo,COVID-19
78,1595270424429993984,Kimmich  educado con las lecciones de Guardiola y Xabi Alonso  dijo no a la vacuna pero s√≠ al brazalete LGTBI https://t.co/5nSv1Gm6Dm,positivo,Sports figures
79,1595269931410636802,El 83% de la poblaci√≥n meta tiene solo una dosis contra el virus. El restante 17% ha decidido no aplic√°rsela porque no cree en la vacuna o porque no quieren. #PeriodismoUNAH  #NoticiasHonduras,negativo,COVID-19
80,1595269214394372096,@Nekavir @javiesco @EarthquakeChil1 Alguna vacuna o algo que los desorbita en un sentido particular.,negativo,COVID-19
81,1595269151777587201,400.000 dosis de la vacuna anticovid vencer√°n a finales de noviembre  estima el Gobierno  https://t.co/pSkgB0xJfL,negativo,COVID-19
82,1595269145251270656,La #vacuna sigue enfermando!  #vacunaCOVID19 #PfizerGate #Pfizer #PfizerLiedPeopleDied  @IllbeVr @Dante27455639 @clau_diaz66 @gloriagarzaiba @ALEGRA1988 @monicagarzag @crnalexander @kikerCG @rubengluengas @nicolasmorasok @delamadridrob @SChecoPerez @Carlos_Slim_D @RighsSpeed https://t.co/cxSnuaYcoe,negativo,Motorsport
83,1595269004792418304,Ya la √∫ltima vacuna üëåüèΩü§ó,positivo,COVID-19
84,1595268809455190016,"le aplicaron la vacuna y la aguja le entro doblada  y no que era ""easy easy""...",positivo,COVID-19
85,1595268748453109760,Muy valiente en la ma√±ana aplic√°ndome la vacuna de la influenza y ahora el dolor de brazo se acompa√±a con escalofr√≠os ü•∫,positivo,COVID-19
86,1595268601304567810,@GustavoBolivar @petrogustavo Porq uds se dedicaron a destruir el pa√≠s y a evitar q el presidente Duque pudiera desarrollar los planes d gobierno  uds fueron mucho m√°s da√±inos q el covid 19  para eso hubo vacunas suficientes y a tiempo  para Uds no hay vacuna q valga y se riegan como virus entre ignorantes!,negativo,COVID-19: Latest news updates from around the world
87,1595268587333341191,"""El Evangelio no es una vacuna en contra de un momento dif√≠cil  sino la esperanza de que ellos no te alejar√°n de Dios.""",positivo,COVID-19
88,1595268444119003138,Los estadounidenses que se pusieron la vacuna actualizada de refuerzo contra el COVID-19 tienen m√°s inmunidad frente a los que no se la pusieron. Aqu√≠ detalles #LHInternacional ‚¨áÔ∏è https://t.co/mkpGtzNZkE,negativo,COVID-19
89,1595267874704203776,@DeniseMaerker ¬°Ojal√° llegue esa vacuna!,positivo,COVID-19
90,1595267830131335170,@jenarovillamil @lopezobrador_ @Conacyt_MX As√≠ como la vacuna patria jajaj atolizados,positivo,Mexico political figures
91,1595267710522478593,@YorkOcanto La verdad es que es incre√≠ble la cantidad de personas que hoy por hoy tratan a toda costa y pateticamente  sin pruebas que es lo peor insisten en la hip√≥tesis irreal de que la vacuna  contiene agentes mortales que nos vuelven extra terrestres. Bajenle dos que eso es Embuste,negativo,COVID-19
92,1595267620101562368,@rikgmr @elxokas No creo k ni tu ni yo pagemos su vacuna es mas el pago las vacunas a tus hijos y tus padres y mientras tienes unos estudios y trabajos de mierda el se mofa arriba ya k nunca llegaras ni tu ni yo,negativo,Family
93,1595267294988484608,@martamarco__ ¬øUn chip? ¬°Qu√© ignorante! La tecnolog√≠a solo permitir√≠a un chip de 8 caracteres  hoy por hoy  en una vacuna. Menos d√≠gitos que los de un DNI  fan√°tica conspirativa. https://t.co/u6sXmS4TZa,negativo,COVID-19
94,1595267202814545920,@jungla_insider @Minsa_Peru Y qui√©n chucha eres t√∫ para mandonearme XDD Si hay rebrote me la pongo  sino no. Y no es porque uuy que miedo la vacuna de la muerte y tantas huevadas que dices por ignorante  sino porque no es necesaria.,negativo,COVID-19
95,1595267015664705537,@alejferrer Esa se la pasa inventando teorias locas de cualquier cosa. Tiene el combo completo: anti vacuna  terraplanista  pro trump,negativo,COVID-19
96,1595266963127029760,Hoy toc√≥ doble vacuna üíâüò¢ siento que mi brazo se va a caer del dolor üòî y ma√±ana tocan an√°lisis cl√≠nicosü©∫üß´üò≥ ya quiero terminar con todo esto üò•,positivo,COVID-19
97,1595266941542866944,@mario_dico50 Pues ya te di√≥ covid  y la vacuna pfizer no funcion√≥. ü§£üòÇü§£üòÇü§£üòÇü§£üòÇü§£üòÇü§≠üöëüöíüöîü•∂ü•∂üò∑üò∑üí©üí©,positivo,Pfizer
98,1595266728149540864,@ChialFelix Todos hablan de vacuna  falta se actividad  mala nutricion....pero nadie se pone a ver la acumulacion de los desechos de las plantas nucleares que las entierran en islas  contaminan el mar y va en aumento,negativo,COVID-19
99,1595266568174329857,El forense concluye la muerte de un ni√±o de 14 a√±os 3 semanas despu√©s de inyectarse la ‚Äúvacuna‚Äù Pfizer hay 'preocupaci√≥n p√∫blica significativa'  La evidencia es cada vez m√°s clara de que la üíâ probablemente nunca deber√≠a haber sido aprobado en primer lugar. https://t.co/gxCIhIWmd9,negativo,COVID-19: Latest news updates from around the world
100,1595266378554118146,@yorch250487 @SC_ESPN Hoy d√≠a te vacuna Espa√±a a vos üíâ,negativo,COVID-19
101,1595265908901281792,@seba_casas @deportes_13 Si sabes q estoy re ocupada a esta hora tirada en la cama... Y vos leyendo que le contesto a todos me imagino que estas x descubrir una vacuna contra la pelotudez No?,negativo,COVID-19
102,1595265768798969856,@lximenezsarro @TenochHuerta Ser√° que la vacuna cubana les alivie de tanto sufrimiento? O m√≠nimo que tomen el jarabe rosa que les combina con todo!! üíÖ,negativo,Tenoch Huerta
103,1595265728160178177,@everstrongever @carolinacorcho Cuando usted nesecite la vacuna yo se la pongo,negativo,COVID-19
104,1595265710636384256,Si insertar el hilo en la aguja es un pedo  ahora sumale estando cansado y de malas...  Creo que voy a necesitar una vacuna contra el t√©tanos y un 'punchin' bag',negativo,COVID-19
105,1595265444747022337,Ahora la vacuna del Covid hace que la gente se vuelva Ped√≥fila. Se√±or  no puedo con la gente  de verdad https://t.co/wikBwyA107,negativo,COVID-19
106,1595265339100635136,"@_Lauke_ @elmundoes 1. Que man√≠a con llamarla vacuna pues no lo es 2. Las estad√≠sticas cada vez menos creibles 3 ¬øthay relaci√≥n ""vacuna"" con exceso de muertes sobre la media que est√° atacando principalmente a deportistas? La universidad y el estado de Florida creen que s√≠",negativo,Florida
107,1595265226609508353,Desarrollan controversial vacuna para combatir el fentanilo en EEUU y ya super√≥ crucial prueba https://t.co/TA6aisqM58   .,negativo,COVID-19
108,1595265029615632385,#√öltimaHora: Gobierno informa que a finales de noviembre vencer√°n 400 mil dosis de la vacuna contra el Covid-19. Adem√°s de 11 mil dosis pedi√°tricas.  Autoridades piden a poblaci√≥n acudir a vacunatorios #NM935 https://t.co/a84F3nY2Oz,negativo,COVID-19
109,1595264965812047872,@crebosio95 Tienen que ponerse las vacunas. De sarampi√≥n  etc.  Lo del covid no es vacuna,negativo,COVID-19
110,1595264228952313857,OTRO JOVEN MUERE POR LA #vacuna!  #vacunaCOVID19 #PfizerGate #Pfizer #PfizerLiedPeopleDied  @IllbeVr @Dante27455639 @clau_diaz66 @gloriagarzaiba @ALEGRA1988 @monicagarzag @crnalexander @kikerCG @rubengluengas @nicolasmorasok @delamadridrob @SChecoPerez @Carlos_Slim_D @RighsSpeed https://t.co/HVylX6VlqY https://t.co/8MkSLCl7ev,negativo,Motorsport
111,1595264016372350977,No hay manera que se haya logrado que yo use una jeringa en mi  pero lo hiceüôÉüò≥ Como?? Ni idea pero la net me siento la + valiente del worldüòå Hoy era mi vacuna contra la influenza como toda una guerrera se logr√≥  porque si ya pas√≥ lo que pas√≥ que no deje a alguien m√°s hacerloü§∑üèª‚Äç‚ôÄÔ∏è https://t.co/RZ80bxCM4z,positivo,COVID-19
112,1595263777594900480,"¬øArrancamos? Te dejo un dato  farsante miserable:  2009¬†Se¬†inicia la aplicaci√≥n de la¬†vacuna contra¬†el virus del¬†papiloma humano¬†en la poblaci√≥n de 12 a√±os a 16 a√±os residente en municipios de riesgo"". Aqu√≠ no hay PERIODO NEOLIBERAL... https://t.co/etjZGUsKPq",negativo,COVID-19
113,1595263118879625216,Me vacunaron para Influenza y Neumococo; y me duele el brazo. No habr√° paja üòû De haber sabido que me doler√≠a tanto el brazo post-vacuna me habr√≠a masturbado unas 3 veces antes de ir. Tambi√©n creo que me est√° dando algo de fiebre. ¬°En fin! Si me muero  recu√©rdenme por mi pito uwu https://t.co/9iyrXMIhhS,negativo,COVID-19
114,1595262945289801728,Desarrollan controversial vacuna para combatir el fentanilo en EEUU y ya super√≥ crucial prueba https://t.co/TA6aisqM58    ,negativo,COVID-19
115,1595262889316810752,Peaje? Vacuna parce! https://t.co/dmV04AoAyL,negativo,COVID-19
116,1595262364609388544,@tntsportsmex El s√°bado te vacuna por 2 Messi!! Vas a ver!,negativo,COVID-19
117,1595262317268180992,INICIA EN CAMPECHE LA CAMPA√ëA DE VACUNACI√ìN CONTRA EL VIRUS DEL PAPILOMA HUMANO     ‚Ä¶Del 22 de noviembre y hasta el 9 de diciembre se vacunar√° a ni√±as de 13 y 14 a√±os   ...Desde hace dos a√±os no se administraba esta vacuna que se aplicar√° de manera gratuita https://t.co/wZCfeAEkYl,positivo,COVID-19: Latest news updates from around the world
118,1595262247697367047,@josetorcuato Los tiempos de cierre fueron m√≠nimos y eso fue al principio  porque nadie sab√≠a que suceder√≠a con esto. En la educaci√≥n pas√≥ lo mismo y la elecci√≥n de las vacuna y su implementaci√≥n fue notable. Hubo y hay actividades muy da√±adas pero la mayor√≠a no y la econom√≠a creci√≥.,negativo,COVID-19
119,1595262217095680001,El Refugio de Paty donde me da temporal a Mina  estrellita  Angelo  Yudi  Cloe y Shelby necesita vacunas qu√≠ntuples para todos ü•∫ en total son 31. Cada qu√≠ntuple cuesta $4.50 me las dan a ese precio üòä en vet cuesta $15c/u total $139.50 esa vacuna les toca cada a√±o. @cantanteioh https://t.co/Dy1h1g68nl,positivo,COVID-19
120,1595261584313573378,@jenarovillamil @lopezobrador_ @Conacyt_MX No estaban tambi√©n desarrollando la vacuna patria? Mas fracasos de la 4T,negativo,Mexico political figures
121,1595261501320974336,¬°Nos escuchamos este pr√≥ximo jueves 24 de noviembre a las 7 p.m. en ‚ÄúA tu Salud P√∫blica‚Äù!  Hablaremos de la temporada estacional de influenza y sobre mitos y realidades de la vacuna contra influenza.  üíâ ü¶†üî¨üß´ https://t.co/G9haBRqRGI,negativo,COVID-19
122,1595261280742526976,@mariacrisdu @Trovato0k @aguerosergiokun porque ya su cuerpo esta da√±ado por la vacuna  y lo que se puso no se lo puede sacar,negativo,COVID-19
123,1595261245904617472,"Un m√©dico australiano puso gotas de la vacuna Pfizer y sangre de pacientes vacunados bajo un microscopio de campo oscuro y film√≥ ""estructuras met√°licas extra√±as y extra√±as que parecen circuitos y microchips"" que ""parecen responder a campos electromagn https://t.co/rOVXj7NFW1",negativo,Pfizer
124,1595260742176997376,@Strawberrycl311 @YorkOcanto Morir√°n como todo el mundo  de cualquier cosa  pero no a causa de la vacuna.,negativo,COVID-19
125,1595260714293153793,@Yannis20706671 @radiomitre Yo me vacun√© y no me mor√≠  seg√∫n tu l√≥gica  la vacuna me hizo inmortal,positivo,COVID-19
126,1595260652565692417,@buxtrep @PolloFarsantePe Solo tienes que preguntar qu√© vacuna ten√≠a y cuantas?,negativo,COVID-19
127,1595260027018907651,@Laura45897894 @gomez_rial5 El 19 de febrero de 1993  naci√≥ mi hija y no se aplic√≥ Vacuna Hepatitis B. A los 43 d√≠as de vida se le ingresa a sala de lactantes y luego a UCI  con diagn√≥stico de Bronquiolitis. Egres√≥ a los 7 dias del hospital. Gracias a Dios,positivo,COVID-19
128,1595259820571082754,@saludjalisco cuando sale la vacuna contrata t√©tano tengo dos a√±os busc√°ndola seguro y centro de salud que no hay cuando tienen una respuesta https://t.co/roRvLoMjH7,negativo,COVID-19
129,1595259686202253313,Ma√±ana me iba a vacunar contra la influenza  despu√©s me acord√© que tengo el concierto de Nicki Nicole y de Daddy Yankee y cancel√© la vacuna: ADULTING SO HARD IN HEREüòåüíÖüèª,negativo,Latin music
130,1595259003625512960,@crebosio95 En √Åfrica solo se vacuno con esa basura 6 % el COVID desaparecido. Tengo todas las vacunas desde ni√±o pero esa basura del COVID no fue ni ser√° una vacuna. https://t.co/O9RHO9I3jS,negativo,COVID-19
131,1595258838390743040,Vacuna contra viruela del mono ofrece protecci√≥n del 78% y s√≥lo 14 d√≠as despu√©s de que se aplic√≥   https://t.co/IjuO6eRLdE https://t.co/ROTUx1la9f,negativo,COVID-19
132,1595258696233353216,@fargosi Sabe mucho de campo y raza vacuna,negativo,COVID-19
133,1595258516096385024,@jessymora85 @RICARDOJN14 Por otro lado  entonces tambi√©n deber√≠an prohibir la insulina recombinante y deber√≠an volver a la s√≠ntesis antigua de igual manera la vacuna de Pfizer y la de Moderna? Estar√≠as de acuerdo en ello sabiendo que las personas inmunodeprimidas no pueden recibir vacunas de vector viral,positivo,Pfizer
134,1595258094891765762,Hay una vieja enfermedad sin cura  es la locura de pensar en conquistar y no hay vacuna  tampoco hay una para solventar la hambruna  mientras tanto algunas cuentas ya financian un ascensor a la luna. C.,negativo,COVID-19
135,1595257871989899265,@JorgeGCastaneda @JorgeGCastaneda Perd√≥n. Incluyendo la fallida 4 vacuna q m meti√≥ amlo xel...,negativo,COVID-19
136,1595257588991549440,Hoy fue d√≠a de vacuna apenas estamos llegando a casa. hoy se vendieron 30 boletos y estamos muy agradecidos llevamos 141 boleto porfavor sigue compartiendo ay√∫danos a comprar un boletos pedimos de navidad y A√±o Nuevo el tener La Paz de que las vacunas est√©n pagadas √∫nete porfavor https://t.co/ocgmUIzy6a https://t.co/BjiEQj4n9c,positivo,COVID-19
137,1595257493021773825,Dos a√±os tarde: Pfizer y Moderna lanzan investigaci√≥n para determinar v√≠nculos entre la vacuna Covid y la miocarditis - La Derecha Diario https://t.co/M7GC7pXraz,negativo,Pfizer
138,1595257137797767168,@justk4no @NoSoyRyz Ponle vacuna,negativo,COVID-19
139,1595256960894615553,Que le pasa a la gente sera que les esta haciendo efecto la vacuna del covit???  Estan cada dia mas pelotud@s o estudian para ser asi? A ver si se ponen media pila... si no asi van directo a la extincion manga d giles y gilas...,positivo,Animation & comics
140,1595256526993702912,üéØ La vacuna contra la polio y el origen del SIDA... https://t.co/d79lDJFsVK,negativo,COVID-19
141,1595256491694358528,Moderna anuncia demanda contra Pfizer y BioNTech por patente de vacuna COVID-19  https://t.co/8fai0pUvJU,negativo,Pfizer
142,1595256480105521152,Moderna anuncia demanda contra Pfizer y BioNTech por patente de vacuna COVID-19  https://t.co/yah2TJZuOJ,negativo,Pfizer
143,1595256470106669056,Moderna anuncia demanda contra Pfizer y BioNTech por patente de vacuna COVID-19  https://t.co/vhTK4OdkK4,negativo,Pfizer
144,1595256459809460224,Moderna anuncia demanda contra Pfizer y BioNTech por patente de vacuna COVID-19  https://t.co/X9tMX0xpXC,negativo,Pfizer
145,1595256402833903616,@PowerColorao @CarlosC24792918 @leo_poblete @guruchuirer Se te olvido  que contruyeron una Gran REFINERIA en Hidalgo  un tren de Toluca-CD de Mexico  que Compraron Vacuna H1-N1( sin deuda)  que pasaron Reformas solo por su buen servicio a MEXICO  y que los 43 jovenes de la universidad en Guerrero eran unos terroristas y por los mataron,positivo,COVID-19
146,1595256317555650560,@Alejand63363439 @Ivancho_3__ Pues para que enferme y muera! Para eso se vacunan a los beb√©s  esa es la realidad. Pero ellos creen que la mal llamada vacuna les proporciona super poderes.,positivo,COVID-19
147,1595255992194928640,@Ivancho_3__ Le estuve leyendo su twitter y no se da cuenta que fue por la vacuna,negativo,Twitter
148,1595255777966624769,@GobiernoMX @lopezobrador_ @Conacyt_MX Igual que la vacuna patria?  O los concentradores?  Como les gusta agarrar de ingenuos a sus seguidores.,positivo,Mexico political figures
149,1595255637663006720,@GobiernoMX @lopezobrador_ @Conacyt_MX Y los vetiladores para el covid?  y la vacuna patria?. No sirven para nada.,negativo,Mexico political figures
150,1595255636039720960,Me mame  qui√©n me manda a poner la vacuna del COVID combinada con la de la influenza? https://t.co/PnQz56HYVj,negativo,COVID-19
151,1595255201950072832,Hora agendada para la vacuna üò¨ Menos mal que ahora es anual,positivo,COVID-19
152,1595255133411348480,@lecc_07 @IroChaguaPayano @FiscaliaPeru @blogdenotas @CMP_PERU @MaytaTristan @drantonioquispe @santoschilcano @alvarezrodrich La familias dice que fue por mala praxis  no por la vacuna. Fake News,negativo,COVID-19
153,1595254806352113665,@GobiernoMX @lopezobrador_ @Conacyt_MX Que nom√°s que acaben los ventiladores y la vacuna Patria  empezar√°n a trabajar en el Glifosato del Bienestar.,negativo,Mexico political figures
154,1595254655407251457,@OPSOMSVenezuela @MinSaludVE @MPPEDUCACION Vacuna? Esto no est√° en fase experimental? Prohibido en muchos pa√≠ses? No vacunen a sus hijos.....,negativo,Family
155,1595254592337580032,@PatoAlv74508783 @LibertadDoctora te recomiendo la vacuna contra el neumococo en esos casos,positivo,COVID-19
156,1595254549039783937,solo voy por la vacuna,negativo,COVID-19
157,1595254482090311680,@Patticcha @jpcarrion1 @chokosoda @Minsa_Peru ¬øTiene usted las pruebas que no es por la vacuna?,negativo,COVID-19
158,1595254085577764864,@dgsanabria @RevistaSemana La mayor√≠a de vacunas de Duque fueron donadas  si √©l no hubiera puesto el carnet de vacunaci√≥n la gente no se vacuna. La viruela del mono no es pandemia  si se gastan millones la gente no se va a vacunar üíÅ‚Äç‚ôÇÔ∏è ¬øusted se vacunar√≠a?,negativo,COVID-19
159,1595253557242077185,"#Mundo | La #OMS aprob√≥ la vacuna #COVID19 de la compa√±√≠a china #SINOVAC para su uso en personas mayores de 3 a√±os  ""lo que la convierte en la primera vacuna del mundo en la Lista de uso de emergencia de la OMS que ha sido aprobada para las edades de 3 a 17 a√±os"": empresa https://t.co/CmajUUH3N3",positivo,COVID-19: Latest news updates from around the world
160,1595253497905152005,@nacnac100 @EmergenciasEc @LassoGuillermo Y si nos vacuna Holanda ojal√° y el feriado sea bancario,positivo,Events
161,1595253493354348544,@retinamexico Ay que miedo ü´° como con el Guillain Barre y miles madres m√°s con la vacuna o trombosis ü•≤ü•≤ü•≤ü•≤ chillo,negativo,Family
162,1595253023961452549,Tantas pruebas y a√∫n siguen sufriendo las consecuencias los m√°s inocentes: Miocarditis en ni√±os pas√≥ de 4 a 25.000 casos por mill√≥n tras la ‚Äúvacuna‚Äù Dr. Peter McCullough  cardi√≥logo  en Charlie Kirk Show.  Protejamos a los ni√±os üôèüèªüíóüëº https://t.co/2fAEZd3ePv,positivo,COVID-19
163,1595252918281814016,El CEO gringo de la vacuna. üëá https://t.co/xoAAqLqoPB,negativo,Government institutions
164,1595252760840216577,@murgastorrazza @ChialFelix Mi visi√≥n se ha visto muy afectada  pero muy afectada  he esperado 6 meses una m√°quina para un examen en @CSSPanama y a√∫n sigue en USA  fui por fuera y el m√©dico me dice q necesito urgente una cirug√≠a üò†üò† ¬øFue la maldita vacuna la culpable o el COVID  de mi problema visual? üò†,negativo,COVID-19
165,1595252703680004096,El estres posterior a la vacuna ser√°... https://t.co/cfg68gfA2d,negativo,COVID-19
166,1595252602425442304,Traidores a la infancia dice el gobierno que m√°s ha impactado en la salud de nuestros ni√±os  se acab√≥ el a√±o y muchos peques no recibieron ni la segunda dosis de la vacuna contra el COVID ya ni hablar de medicinas y servicios para ellos,negativo,COVID-19
167,1595252055270211591,Recomiendan aplicarse vacunas actualizadas   Los estadunidenses que se pusieron la vacuna actualizada de refuerzo contra el covid-19 tienen m√°s inmunidad frente a los que no se la pusieron  al menos por ahora  informaron autoridades de  ... - https://t.co/BY04ezW9X9 https://t.co/x4cO1IdmRl,positivo,COVID-19
168,1595252047368142849,@Gabospeed94 @IroChaguaPayano @FiscaliaPeru @blogdenotas @CMP_PERU @MaytaTristan @drantonioquispe @santoschilcano @alvarezrodrich Cagada es lo que la vacuna mortal covid19 har√° en tu cuerpo en unos meses m√°s no falta mucho para √©so üíâ‚ò†Ô∏è‚ö∞Ô∏è https://t.co/tPpHeGm1it,negativo,COVID-19
169,1595251899934167040,@carolinacorcho No es capaz de comprar una vacuna  ahora va poder hacer algo para prevenir o al menos bajar la accidentalidad de tr√°nsito.,negativo,COVID-19
170,1595251818304602114,@LORE_LOR @Aldolr Lore yo me la he puesto cada a√±o y no me ha dado reacci√≥n. Solo el dolor del piquete  seg√∫n la buena o mala mano de quien me ha puesto la vacuna.,negativo,COVID-19
171,1595251646644322305,@GobiernoMX @lopezobrador_ @Conacyt_MX Si sale como los ventiladores o la vacuna patria  ya nos llev√≥ la chingada,negativo,Mexico political figures
172,1595251391341158401,@MalthusGamba @lopezobrador_ üòÇü§£üòÇü§£üòÇü§£üòÇü§£üòÇü§£üòÇel conacyt de la vacuna patria? De los respiradores que no sirvieron? Los que est√°n acabando con la ciencia neoliberal? ü§£üòÇü§£üòÇü§£üòÇü§£üòÇ,positivo,Mexico political figures
173,1595251349054177281,@PetterOficial13 La vacuna de Vizcarrata,negativo,COVID-19
174,1595251293953486848,Anuncian segunda dosis de vacuna #Covid para menores de 5 y 6 a√±os y menores rezagados de #Ecatepec https://t.co/glY57Ligot https://t.co/9mZA37FWtw,negativo,COVID-19
175,1595251272088707078,@PatoAlv74508783 @LibertadDoctora ya te vacunaste 2 veces y listo... ningun medico exige que tengas mas es inneceario  el de al lado tuyo se va a contagiar igual  con o sin vacuna te guste o no porque no podes controlar eso,positivo,COVID-19
176,1595250419487252480,@SSaludCdMx Muy reducida la vacunaci√≥n  antes me pod√≠a vacunar en cualquier centro de salud. Ahora ni pensarlo  no entro a los grupos de riesgo  no hay vacuna para mi  igual que el a√±o pasado.,negativo,COVID-19
177,1595250093464100865,@Imagen_Mx @TwitterSeguro  revisa el canal anti-vacuna que promueven en Twitter los seguidores de esa pseudo-cient√≠fica.,positivo,Twitter
178,1595249921535492096,@Iberia Me puedo trepar al avi√≥n sin vacuna?,negativo,COVID-19
179,1595249740765171712,"@SaludEdomex ¬øcuando comenzar√°n a aplicar la vacuna para ni√±as de 11 a√±os contra el papiloma? Pregunt√© en el Centro de Salud de Los Reyes  me dicen que est√°n ""esperando"" que ustedes lo autoricen....¬øCu√°nto tiempo debe esperar mi hija y miles m√°s? Es desesperante la preocupaci√≥n..",negativo,COVID-19
180,1595249601472348161,@BeatrizValleM Cuantos hondure√±os se vengara con los doctores periodistas y pol√≠ticos de Honduras  por insistir que se aplicar√°n √©sa mal llamada vacuna del covid que han perdido su salud familiares han muerto  ni√±os est√°n con problemas graves de salud y muertes de ancianos ¬øBuscar√≠an venganza? https://t.co/twa4Q3MfGE,negativo,COVID-19
181,1595249579481616385,Me puse la vacuna de la influenza y verdaderamente no siento el brazo:),positivo,COVID-19
182,1595249014932389888,la vacuna que salva vidas!! ü§° https://t.co/YVOlrENzZm,negativo,COVID-19
183,1595248094861459456,"@Minsa_Peru ¬øY la coacci√≥n a la poblaci√≥n para que se inoculara ese producto g√©nico sin responsabilidad legal de los laboratorios? ¬øY el forzoso uso de un rid√≠culo carnet de una in√∫til supuesta vacuna? ¬øY el comercial de ""Desaparece  William""? Cosechan lo que siembran.",negativo,COVID-19
184,1595247835242438658,"üíâüíâüíâüíâüíâüíÄ AHORA - ""Dios te dio dos brazos"" para que te pongas la COVID y la vacuna contra la gripe  dice el Director de Respuesta a la COVID de la Casa Blanca.  @disclosetv https://t.co/ImO9SUoiaz",negativo,Government institutions
185,1595247584410476544,@Salud_Ec @OPSECU @Vice_Ec @Presidencia_Ec @InfanciaEc Acu√©rdense de ayudar a salvar vidas  y ya dejemos en 2do plano la palabra vacuna  tb existen los ni√±os y adolescentes con c√°ncer  los mismos que son ignorados por ustedes. Se mueren muchos x falta de medicinas y otros por la falta de atenci√≥n o de una firma. @apnacc,negativo,COVID-19
186,1595247551036407810,@WaykaPeru Con vacunas con tulio y grafeno  matan ni√±os y jovenes y si eso pasa ni lo registran.Por eso la persecucion de esa vacuna asesina,negativo,COVID-19
187,1595247424502730759,@cap890 @YaradeNaim @DanannOficial @IgualdadLGBT Pero eso no refiere a la del.covid.ü§¶ü§¶  no es lo mismo  pfeizer te lo dice pero no  a ver  m√°s f√°cil? 6 meses despu√©s que djokovic fue prohibido en Australia? Sigui√≥ siendo obligatoria la vacuna en Australia? Nooo,positivo,COVID-19: Latest news updates from around the world
188,1595247239819296769,@LibertadDoctora x suerte tengo la 5 vacuna vayan a cualquier vacunatorio en PBA q se la dan no importa donde vivan !!! hoy viaje en colectivo lleno total  vidrios cerrados se viene terrible ola  a cuidarse !!!,positivo,COVID-19
189,1595246982238732289,O sea que los que dec√≠an que la vacuna era agua  que mataba  que era un enga√±a muchachos; los que ped√≠an que las vacunas las vendan los privados  los que negaron la pandemia o se opusieron a las medidas ¬øesos est√°n acusando a Vizcarra de manejar la pandemia de forma pol√≠tica?,negativo,COVID-19
190,1595246625156665344,@mar96lol @ABCDigital Que tiene que ver la corrupci√≥n en esto  ac√° siempre hubo pr√©stamos y corrupci√≥n pero esto del covid y pandemia el mundo sufri√≥. Ac√° en USA y Europa y otros pa√≠ses suben los casos. Esto se queda y se vacuna y se reinfectan etc. Hay que completar el esquema y ya,negativo,COVID-19
191,1595246601244741634,@Ledesma_madasS3 @_NicktheFox_ @CdEdFdFpE13 @oOoConservas Estoy de acuerdo con ello porque existe evidencia de que el uso de las mascarillas reduc√≠a la probabilidad de infectarse y de infectar a otros  pero con la vacuna no  esta simplemente evitaba que los s√≠ntomas desarrollados fueran graves y que pudieran llegar a hospitalizarte.,negativo,COVID-19
192,1595246293047287813,@ep0408984 @friedmanntomas El que nunca fum√≥ que tire la primera piedra. Nunca los vi protestar contra la vacuna del COV,positivo,COVID-19
193,1595246291809869827,@gabrielfojo @ArmandolioMejor El Lole no muri√≥ x la vacuna  ten√≠a c√°ncer hace a√±os. https://t.co/1L0p0R99kt,negativo,COVID-19
194,1595246093108973569,Todo el mundo anda apestoso.  Ser√° por que todos tienen la vacuna ??,negativo,COVID-19
195,1595246037597585408,@orland_71 @ABCDigital Nadie dijo que con la vacuna no se contagien sino que hay menos posibilidad de gravedad siempre se dijo eso y gracias a las vacunas el mundo volvi√≥ a se normal. En otros pa√≠ses tan vuelven a subir. Ac√° en USA y Europa,positivo,COVID-19
196,1595246022707785728,@icecube  rechaz√≥ 9 millones de d√≥lares porque no quer√≠a recibir la vacuna Covid https://t.co/6nxg56cBYJ,negativo,Hip hop
197,1595245890364706816,Todo el santo d√≠a me dej√≥ un dolorsito bien chinga quedito la vacuna de la influenza,negativo,COVID-19
198,1595245696541552640,@Gall_Kemal @_NicktheFox_ @CdEdFdFpE13 @oOoConservas Cierre de negocios no importantes  distanciamiento social  uso de gel anti bacterial  en algunos pa√≠ses no pod√≠as salir de tu casa hasta cierta hora de la noche  tener la vacuna contra el covid. Todo esto para evitar un mal mayor y frenar la pandemia,negativo,COVID-19
199,1595245460687667200,La vacuna la vacuna ...  Conspiranoicos by like https://t.co/v1IRmATY9e,negativo,Events
