,id,tweet,sentimiento,entidad
0,1595293762326073344,La vacuna me sent√≥ como un tiro  he pasado un a√±o muy malo  por suerte he mejorado much√≠simo  aunque a√∫n sigue el miedo de lo que puede pasar en un futuro  no entiendo como hay quien se pone la 4+ gripe y tan pichis cuando a mi me pas√≥ de todo! Mala suerte dicen  que soy yo‚Ä¶,negativo,COVID-19
1,1595293562568151040,@MonumentalCR Yo con una trombosis inducida por la vacuna no quiero saber nada m√°s de esa porquer√≠a,negativo,COVID-19
2,1595293537263837184,@jpcarrion1 @J040NURA @Patticcha @chokosoda @Minsa_Peru Una vacuna evita contagios? Jajjajajajjaa que ven mis o√≠dos mano...,positivo,COVID-19
3,1595293519136149505,@mario_dico50 Que te recuperes pronto! Ya te pusiste la vacuna de influenza? Es importante  porque hay muchos casos.,positivo,COVID-19
4,1595293351808729095,@lahoragt Comunicadores que nunca aprendieron que la vacuna COVID-19 no es contra la enfermedad  la vacuna COVID-19 es para prevenir el contagio del ùóòùóü SARS-CoV-2 y sus variantes.,positivo,COVID-19: Latest news updates from around the world
5,1595293341712875521,Lo bueno es que el licenciado L√≥pez Obrador les est√° quitando los retrovirales y les est√° negando la vacuna para la viruela del mono https://t.co/WctfiGl5YN,positivo,Mexico political figures
6,1595293297190248450,En segundo lugar ¬† ha provocado pensamientos suicidas. Las personas¬† se sent√≠an sin esperanza porque a√∫n no se ten√≠a una vacuna y los hospitales estaban colapsando. Al no tener una ayuda necesaria  se generaba impulsos suicidas. https://t.co/Esu6W9BLlL,negativo,COVID-19
7,1595293112431263745,@buenaslastenga Bendito sea el licenciado Andr√©s Manuel L√≥pez Obrador que les est√° quitando los retrovirales y neg√°ndoles la vacuna para la viruela del mono,positivo,Mexico political figures
8,1595292539363491842,Yo ya ni s√© cu√°ntas dosis de la vacuna tengo saben genuinamente no me acuerdo si ya me puse la cuarta,neutral,COVID-19
9,1595292225323544578,Te puede interesar &gt; Una vacuna experimental contra el c√°ncer tiene resultados prometedores en ensayos con animales https://t.co/tB3Pk2irLK,positivo,COVID-19
10,1595292125305913344,@HolaSaltaYa De los creadores de la vacuna pa el covid  de los test r√°pidos en medio de la pandemia  ahora llega  la cepa!!,negativo,COVID-19
11,1595292009773793280,Una nota m√°s sobre el amparo para la vacuna de la viruela del mono  en el que estamos trabajando. @poz_porn_mx @ApoyoColibri @almanza_dpcho @ax92 @diramona_hgo @TeatroySida @dibenja14 @OrgulloLGBTQro @CirculoSocialAC @condomovil @harry_perez_83   #ViruelaSimica #virueladelmono https://t.co/J5h8J3XU9F,neutral,COVID-19
12,1595291813912403968,Ya me est√° pegando la vacuna üò≠,negativo,COVID-19
13,1595291730051727361,@euribem La vacuna est√° lejos de terminarse y la gente cada vez muere m√°s! Casualidad.,positivo,COVID-19
14,1595291518058856448,@ManuelMorenoCh3 @EduardoBr77 No Manuel esta gente ya estaba gilipollas antes de la vacuna solo que ahora se ha legislado para dar rienda suelta a su imbecilidad.,negativo,COVID-19
15,1595291006114693120,Siento que escrib√≠ demasiado la pregunta vacuna. Lo siento üòÇ,positivo,COVID-19
16,1595290878402334720,Diay pero ustedes quitaron la obligatoriedad de la vacuna en el sector publico  no han hecho ni el m√°s m√≠nimo de trabajo de divulgaci√≥n de informaci√≥n de la vacuna y les han dado voz y poder a los antivacunas. No entiendo por qu√© quejarse ahorita achacando al gobierno pasado. https://t.co/v3rDxJunrO,negativo,COVID-19
17,1595290454580510720,@Trovato0k @elprofesor1001 @aguerosergiokun 500 jugadores se dieron la misma vacuna en LaLiga  500 jugadores en la Premier League pero s√≥lo el Kun Ag√ºero tuvo que retirarse  qu√© mala suerte!,negativo,Premier League
18,1595290395826700288,MARICO QUE LES PASA XDDDDDDDDDDD COMO LA PEDOFILIA ES CULPA DE UNA VACUNA??????? https://t.co/Q2nwnJExXV,negativo,COVID-19
19,1595290263315849217,@salgado_natasha @GeekZoneGZ no es que no creyera solo que tenia miedo de que a largo plazo la vacuna pudiese causar problemas en la salud por factores desconocidos,negativo,COVID-19
20,1595289577077747713,@marhdezp_ @justsoffbane @Blue_Sealtori @BREAKYBLOOD @GeekZoneGZ ademas estar eseptica con la vacuna del covid apenas salio es algo normal  no se sabia con total claridad si podrian haber habido consecuencias a largo plazo,negativo,COVID-19
21,1595289085132025858,Amigos  ¬øqu√© opinan de la vacuna del mono?,positivo,COVID-19
22,1595288920543006720,El VAR revela verdades... Un amigo diciendo que el hombro no es donde te aplican la vacuna...  Lo mand√© a estudiar anatom√≠a,positivo,Events
23,1595288912112459776,Te puede interesar &gt; Una vacuna experimental contra el c√°ncer tiene resultados prometedores en ensayos con animales https://t.co/53UGpg1s9h,positivo,COVID-19
24,1595288864133980160,@SaludSV @FranAlabi Pongan la 5 vacuna üôÑüôÑüôÑüôÑ,neutral,COVID-19
25,1595288329721122822,En una entrevista exclusiva con The Advocate  Sandra Ortiz describi√≥ las lesiones que sufri√≥ tras recibir la vacuna COVID-19 de Pfizer  su historial m√©dico y c√≥mo es su vida hoy.   https://t.co/KNwFrd4v9J,positivo,Pfizer
26,1595287843747893248,Aplicadas 287 mil 378 dosis de vacuna contra¬†influenza https://t.co/6hNxDQOncd,neutral,COVID-19
27,1595287633776807938,@MachoteVIP @Elpublicotv NInguna vacuna hay gente que paga por ver eso  lo graban y lo ponen en Deep Internet donde pagan por verlo  eso es pornograia infantil  abuso sexual a menor y una serie de delitos aberrantes.,negativo,COVID-19
28,1595287346769018880,"@bephantol ""¬°No sabemos nada sobre esta vacuna!"" - Gente que no sabe nada sobre ninguna vacuna",neutral,COVID-19
29,1595286966127366144,@MarianaEC11 As√≠ es. Imposible pagar la vacuna $3 178.00 (ref Farmacia San Pablo) x 3 dosis x # de hij@süôÑ,negativo,COVID-19
30,1595286505517453313,"@ar2_mx Yo aunque tenga las 05 dosis de la vacuna contra el COVID-19  no me conf√≠o y me sigo cuidando mucho hasta tengo que traer puesto doble cubrebocas y veo a m√°s gente sin mascarilla facial sea en cualquier tipo de lugar ahorita est√° la variante ""Perro del Infierno""",positivo,COVID-19
31,1595286494234787842,@galupporcio @presidenciacr Contra Covid-19 se vacuna q cualquiera,neutral,COVID-19
32,1595285887847464961,Me duele mucho mi bracito por la vacuna. ü•∫,negativo,COVID-19
33,1595285794423463936,Covid-19: ¬øTodos tienen las vacunas completas? Epecialmente los mayores de 60 a√±os deben concluir sus 4 dosis de vacuna  incluyendo el reforzamiento. https://t.co/WyrrCNnsX6,neutral,COVID-19
34,1595285757404626945,@Vadodecaza1 El meteorito se llama gobierno mundial  se llama pol√≠tica  se llama √©lites... Ponle el nombre que quieras  un trozo de √©l se desprendi√≥ y nos alcanz√≥ de lleno  se llama dictadura sanitaria  vacuna cocido o como quieras. Los efectos ya se notan,positivo,Business & finance
35,1595284518184931329,Si el perro es de un vecino debe preguntar si est√° vacunado contra la rabia. Si no lo est√° o no es seguro de una al m√©dico a aplicarse la vacuna. No tapar la herida. https://t.co/0ijHOMGAeo,negativo,COVID-19
36,1595284379424591872,@VeronicaAtMo Much√≠simo  a mi me interesa mucho vacunar a mi hija  porque est√° car√≠sima la vacuna.,positivo,COVID-19
37,1595284143310520321,Para un mejor manejo cl√≠nico de los pacientes  presentan actualizaci√≥n de la Gu√≠a para el abordaje de los casos de viruela s√≠mica en M√©xico. Bien por ello.  Pero sobre  la adquisici√≥n de la vacuna  @SSalud_mx se√±ala que se requiere revisi√≥n para su an√°lisis y autorizaci√≥n. Mal üëé https://t.co/m6iappXdke,negativo,COVID-19
38,1595283888049459200,@EmbaMexRus @evillegasme @SRE_mx @CMorenoToscano1 @baguilarc @escobedox @estebang83 @mae_rusia Me mandan mas vacuna sputnik por favor. Gracias üòå,positivo,COVID-19
39,1595283868491210753,"Fauci: ""(tal vez el mensaje final que les doy desde este podio) es que  por su propia seguridad  por la de su familia  obtenga su vacuna #COVID19 actualizada tan pronto ya que es elegible para protegerse a s√≠ mismo  a su familia y a su comunidad"" https://t.co/VJfKGzNjVZ",positivo,COVID-19
40,1595283632247037952,Ice Cube dej√≥ pel√≠cula millonaria por negarse a vacunar contra Covid-19  El rapero asegur√≥ que 'no necesitaba' la vacuna contra Covid-19 y adelant√≥ que trabaja en proyectos cinematogr√°ficos independientes. https://t.co/H8htt7MSlT,negativo,Hip hop
41,1595282924919816195,Con aplicaci√≥n de vacuna cuadrivalente que protege contra Virus del Papiloma Humano  el cual puede producir c√°ncer decuello uterino  vulva  y vagina  comenz√≥ en Jalisco  campa√±a de inoculaci√≥n generalizada a ni√±as y adolescentes de 13 y 14 a√±os confirma la Secretar√≠a de Salud.,negativo,COVID-19
42,1595282794225221632,@otakon84 @Trovato0k @elprofesor1001 @aguerosergiokun https://t.co/Vyv55zeSfL ‚ÄúUna de las principales limitaciones de los datos de VAERS es que no puede determinar si la vacuna caus√≥ el evento adverso que fue reportado. Esta limitaci√≥n ha causado confusi√≥n en los datos disponibles al p√∫blico en la base de datos de VAERS WONDER  üëá,negativo,COVID-19
43,1595282697731346433,Llevan vacuna contra el papiloma humano a secundarias de Sinaloa https://t.co/b51Tmbj8Uu @SSalud_mx @saludsinaloagob  #SEPYC #PAPILOMAHUMANO #SINALOA #VACUNACION #HOY #AHORA #ALTERNATIVASINALOA https://t.co/zB77RE9idI,neutral,COVID-19
44,1595282480457809920,@PIsraelRG Vacuna?,neutral,COVID-19
45,1595282073933291523,¬øEfecto protromb√≥tico de la vacuna covid? Neurolog√≠a pide analizar muertes https://t.co/OFKR7tXtf0,neutral,COVID-19
46,1595282010544685058,#Estado | ¬°Conoce todos los detalles sobre esta vacuna en Puebla! üëáüèªüíâ  https://t.co/oyROTBDhAz,neutral,COVID-19
47,1595281742759284736,@Doris_B_62 @natho47 @biobio Pero ac√° est√°n llamando a vacunarse por el aumento de contagios para prevenir que sigan subiendo algo absurdo si ya todos sabemos que la vacuna no los previene. Est√°n dando una informaci√≥n incorrecta ü§®,positivo,COVID-19
48,1595281625893728257,"No pueden hacer una ""vacuna"" bien y ya quieren hacer eso. Jajaja https://t.co/liuG532RBy",positivo,COVID-19
49,1595281438731309056,Los gobiernos necesitan m√°s muertos por eso est√°n devuelta con la vacuna de C19.,neutral,COVID-19
50,1595280984273956864,üü®#PulsoPM | Enfermera acusada de dar a conocer tercera dosis de vacuna de Alejandro Gil contra el Covid gana juicio laboral a Cl√≠nica Las Condes https://t.co/GsPvqjlJ8G https://t.co/QTncy8plvX,negativo,COVID-19
51,1595280756888199169,@lopezobrador_ y @HLGatell aprueban la vacuna cubana Soberana  soberana porquer√≠a que ya no funciona porque est√° hecha para prevenir el virus SARS-CoV-2 no las variantes actuales. La idea no es salvar vidas  eso no le importa  les importa darle dinero a la dictadura cubana,negativo,COVID-19: Latest news updates from around the world
52,1595280743151837184,A√±o 2114  los insectos est√°n en peligro de extinci√≥n debido al excesivo consumo humano  surgen grupitos que aconsejan consumir carne vacuna ‚ôªÔ∏è https://t.co/WD38T4Wos5,negativo,COVID-19
53,1595280243526438913,@Skarlata6 @Nosoyandresf96 Pero medallo siempre nos vacuna  m√°s all√° ellos de local,neutral,COVID-19
54,1595279961996333058,@MorenaCiudadMex @Claudiashein Pues que mande reforzar las campa√±as de vacunaci√≥n contra COVID que ya repunt√≥ otra vez y todav√≠a no tenemos la √∫ltima vacuna .,positivo,Mexico political figures
55,1595279838817853440,Pasaron meses desde el √∫ltimo aumento general de la carne vacuna y de pollo  y aunque aseguran que en breve se deber√°n ‚Äúcorregir los precios‚Äù  como un efecto m√°s de la sequ√≠a  la poca demanda es la que mantiene los valores bajos. https://t.co/AUvw8ycVOe,positivo,COVID-19
56,1595279786988945409,Proceso: La linfadenopat√≠a  un efecto secundario de la vacuna covid-19  se√±alan especialistas Proceso: La linfadenopat√≠a  un efecto secundario de la vacuna covid-19  se√±alan especialistas. https://t.co/ohWdU8dLgg,neutral,COVID-19
57,1595279711160115201,@GobiernoMX @lopezobrador_ @Conacyt_MX Jajjajsjsjs igual q los ventiladores y la vacuna patria? Incompetente  anciano asnooooooo,negativo,Mexico political figures
58,1595278915756498946,@Minsa_Peru Dejen de psicosis minsa de Tapir Cerr√≥n y Castiburro  corruptos no le creo nada  dicen no estamos en 5 olas inflan cifras para contin√∫a la psicosis  la mejor vacuna es la salud mental sino baja las defensas por el p√°nico,negativo,COVID-19
59,1595278614936932352,@luisvivasf @darwingonzalezp Para tener eso no solo debes pagar impuesto. Tienes que pagar vacuna por medio de Fospuca .,negativo,COVID-19
60,1595278105580605440,@lectorcitapsi La √∫nica idiota que vacuna a un ni√±o de 1 a√±o con sustancias experimentales,negativo,COVID-19
61,1595277957077123072,@lareinadesaban @Devi97101665 yo le dec√≠a a los negavacunas que esta vacuna era para saber quienes aceptaban el sistema y que funcionar√≠a para el virus siguiente que se cargar√≠a a todo el que no la tuviese puesta. Que no ten√≠a sentido querer matar a los obedientes y dejar vivos a los disidentes üòú,negativo,COVID-19
62,1595277919215128577,@MrErreka No jodas  hay que estar enfermizo. Por cierto  no se si te cont√© que le vi cuando fui a ponerme la vacuna. Tremendo mongolo.,negativo,COVID-19
63,1595277691498172416,@Tony73_censored @Toth1727 La par√°lisis facial no ser√° de la vacuna?,neutral,COVID-19
64,1595277577618444292,@mercedesnegro @rquiroga777 Ignorantes   la verdadera pandemia comenz√≥ con el veneno experimental genocida mal llamado vacuna   hay un exceso de muertes que ya se habla en el Parlamento europeo,negativo,COVID-19
65,1595277435070996480,@AmericanoMedia Fauci es un criminal!!!! Cuantas vidas perdidas con sus protocolos  desde HIV con AZT y ahora con remdesivir para tratar COVID  Y la vacuna est√° matando millones  Vean el documental que sali√≥ hoy  Die Suddenly Aqu√≠ est√° el link#  https://t.co/wzzGK9e92G,negativo,COVID-19
66,1595277281961938944,@locatel_mx Hola üëã para la segunda dosis de la vacuna de covid si tengo una comorbilidad (C√°ncer) que tengo que hacer?,negativo,COVID-19
67,1595277009953107970,@Minsa_Peru No es ninguna viruela del mono  es herpes z√≥ster por la mal llamada vacuna cov...  dejen de ocultar la verdad de lo que est√° pasando,negativo,COVID-19
68,1595276113135165440,@locatel_mx buenas noches donde puede ponerse la vacuna una persona adulta  cuenta con 55 a√±os,positivo,COVID-19
69,1595275784549285888,@Claudiashein Hasta esta vacuna est√° retrasada. En este gobierno  se compra el 10% de las vacunas q se compraban en otros gobiernos. No presuman lo que no son. MORENA=MENTIRA #ElPeorGobiernoDeLaHistoria,neutral,Mexico political figures
70,1595275559940022277,@josdarmas @Minsa_Peru Mucho ves al doctor huertas por eso tu cerebro no da para mas entonces si los casos son aislados porque en argentina y italia van a dar indenmizacion por las muertes y efectos segunadarios de la Vacuna Experimental https://t.co/XrBAEGggqa,negativo,COVID-19
71,1595275507482099712,@RodrigoChavesR Don Rodrigo hay que pasar la p√°gina   los que  creen en la vacuna seguir√°n aplic√°ndose dosis  otros no m√°s!,negativo,COVID-19
72,1595275348207345664,@DaishaKamakshi Ayyy  esperemos que no  igual tomemos precauci√≥n   si con uno no podemos  con los 3 juntos  no quiero imaginar... la vacuna de la influenza creo que es vital.,positivo,COVID-19
73,1595275021324369921,@josdarmas @Minsa_Peru jajajajajajajaja aislados dice el imbecil oe tarado si pfizer ya reconocio que la Vacuna nunca la probaron osea es experimental y hay miles de muertes y con efectos segundarios solo que tu prensa comprada en peru no sacan esa noticia porque se le cae el negocio https://t.co/ihglM4qGMj,negativo,Pfizer
74,1595274840528883713,Hola ¬øAlguien sabe donde est√°n poniendo la vacuna de la influenza?,negativo,COVID-19
75,1595274753471807488,@ThePumexYT @MachoteVIP @Elpublicotv Creo que la madre no tomo √°cido f√≥lico en la gestaci√≥n de el... As√≠ de simple ahora por la vacuna. Que m√°s.,neutral,COVID-19
76,1595274481257385986,#Pfizer ES UN ASCO DICIENDO QUE EL EMBARAZO ES UN PROBLEMA QUE SE ARREGLA CON LA #vacuna PORQUE PROVOCA ABORTOS!  #vacunaCOVID19 #PfizerGate #PfizerLiedPeopleDied  @IllbeVr @Dante27455639 @clau_diaz66 @gloriagarzaiba @ALEGRA1988 @monicagarzag @crnalexander @kikerCG @rubengluengas https://t.co/VmWgnDdltb,negativo,Pfizer
77,1595274400688914433,@J040NURA @Patticcha @chokosoda @Minsa_Peru Segur√≠simo si pero ese dato lo tiene el minsa ellos te dir√°n. Cu√°ntos post vacuna van con efectos por esa sustancia y cu√°ntos por contagios tambi√©n,positivo,COVID-19
78,1595274325283725312,@aguileraleja @YorkOcanto las vacunas no disminuyeron nada   deje de desinformar  como puedes saberlo con un producto q se hizo en 8 meses  o es q acaso no sabe las fases para hacer una vacuna  aparte q las vacunas  NINGUNA detiene la transmisi√≥n  no sea ignorante.,positivo,COVID-19
79,1595274151698251776,@BIsozaki @Patticcha @chokosoda @Minsa_Peru Pregunta al minsa ellos saben cu√°ntas personas van por efectos post vacuna y cu√°ntos ya vacunados est√°n con COVID,neutral,COVID-19
80,1595273925809807361,@RamirezVitto @martamarco__ En donde dice un chip? Que estupidez la tuya   la vacuna esta matando gente en cantidades grandes que no lo quieras aceptar es otra cosa,negativo,COVID-19
81,1595273803021418497,amigo no puede ser q me cueste tanto conseguir el carnet de vacuna por dios necesito ayuda porfavor soy un ignorante üòî,positivo,COVID-19
82,1595273468983091200,@Ivancho_3__ Qu√© verg√ºenza de persona  llorando de alegr√≠a por vacunado a un ni√±o de 1 a√±o de algo que no es ni vacuna.,negativo,COVID-19
83,1595273111733211137,A la Dra le pareci√≥ genial ponerme unas pruebas cut√°neas no m√°s porque si y pues resulta que no solo soy al√©rgica al pasto y al fresno  tambi√©n a los perros enseguida me sali√≥ como salpullido y tuvo que ponerme una vacuna m√°s y doli√≥ cabrrrrron üò©üò≠ y faltan 2 m√°s este mes,negativo,COVID-19
84,1595272928299405314,@CarmenO26657205 Puuuuuuff. Salio Buena la primera Vacuna para la Rabia,positivo,COVID-19
85,1595272852994985984,@jpicadon @RodrigoChavesR La obligatoriedad si pero no prohibi√≥ a los que si quer√≠an hacerlo por voluntad dicho esto me imagino que ud como persona obediente tiene sus 5 pinchazos de la vacuna cierto?,positivo,COVID-19
86,1595272803502243840,#2  protecci√≥n tanto contra la reinfecci√≥n como contra la enfermedad grave. Se demostr√≥ que la inmunidad inducida por la vacuna decae m√°s r√°pido que la inmunidad natural. En general  la gravedad de los s√≠ntomas de la reinfecci√≥n es significativamente menor que en la infecci√≥n..,negativo,COVID-19
87,1595272064444792832,Me duelen los huesos por la vacuna  los dientes por las muelas de juicio y la cabeza por overthinking. Que cansancio Dios,neutral,COVID-19
88,1595271900929867778,Anuncian aplicaci√≥n de segunda dosis de vacuna contra covid-19 para ni√±as y ni√±os de cinco y seis a√±os de edad en¬†Ecatepec https://t.co/oKLmaUWaQ0,neutral,COVID-19
89,1595271893635850240,Anuncian aplicaci√≥n de segunda dosis de vacuna contra covid-19 para ni√±as y ni√±os de cinco y seis a√±os de edad en¬†Ecatepec https://t.co/jJFq8FadsN,neutral,COVID-19
90,1595271885637525504,Anuncian aplicaci√≥n de segunda dosis de vacuna contra covid-19 para ni√±as y ni√±os de cinco y seis a√±os de edad en¬†Ecatepec https://t.co/3qdMzEDaCr,neutral,COVID-19
91,1595271450323488768,casi nunca hubo ninguno de esos  casi todos morian por culiar a pelo a lo bestia mientras estaban completamente drogados y hasta se los culiaba un chimpanc√© tambien drogado  todos esos desviados modernos andan chillando por su vacuna para la viruela del mono,negativo,COVID-19
92,1595271054896898050,La vacuna contra la influenza fue la mejor decisi√≥n que pude tomar hace un mes https://t.co/LpmbrANmm0,positivo,Latin music
93,1595271006570119173,@ToniMR1969 @aflorrick77 @DeusVul94229466 Si  se puso muy malita con la vacuna  tanto que casi se muere. Y mi suegra dijo: ni una m√°s. Es incre√≠ble la defensas que tiene. S√≥lo la he visto ponerse mala un par de veces...pero mala de nada... cualquier cosa de 24 horas y listo.,negativo,COVID-19
94,1595270764877565952,7 personas murieron en Reino Unido por Trombosis Despues de Recibir la Vacuna Experimental https://t.co/sAxZl7GEK1,negativo,COVID-19
95,1595270761446506496,¬øDonde ponen la primer dosis de la vacuna?,neutral,COVID-19
96,1595270635848364032,Encontrar ARNm en la leche materna tipifica c√≥mo se sobrevendi√≥ la seguridad de la vacuna covid  https://t.co/pNLovCYWBS,positivo,COVID-19
97,1595270527979061248,Ya ratos me est√° doliendo el brazo no recordaba que me pusieron la tercera dosis de la vacuna hoy. xd,positivo,COVID-19
98,1595270424429993984,Kimmich  educado con las lecciones de Guardiola y Xabi Alonso  dijo no a la vacuna pero s√≠ al brazalete LGTBI https://t.co/5nSv1Gm6Dm,positivo,Sports figures
99,1595269931410636802,El 83% de la poblaci√≥n meta tiene solo una dosis contra el virus. El restante 17% ha decidido no aplic√°rsela porque no cree en la vacuna o porque no quieren. #PeriodismoUNAH  #NoticiasHonduras,negativo,COVID-19
100,1595269214394372096,@Nekavir @javiesco @EarthquakeChil1 Alguna vacuna o algo que los desorbita en un sentido particular.,neutral,COVID-19
101,1595269151777587201,400.000 dosis de la vacuna anticovid vencer√°n a finales de noviembre  estima el Gobierno  https://t.co/pSkgB0xJfL,neutral,COVID-19
102,1595269145251270656,La #vacuna sigue enfermando!  #vacunaCOVID19 #PfizerGate #Pfizer #PfizerLiedPeopleDied  @IllbeVr @Dante27455639 @clau_diaz66 @gloriagarzaiba @ALEGRA1988 @monicagarzag @crnalexander @kikerCG @rubengluengas @nicolasmorasok @delamadridrob @SChecoPerez @Carlos_Slim_D @RighsSpeed https://t.co/cxSnuaYcoe,negativo,Motorsport
103,1595269004792418304,Ya la √∫ltima vacuna üëåüèΩü§ó,positivo,COVID-19
104,1595268809455190016,"le aplicaron la vacuna y la aguja le entro doblada  y no que era ""easy easy""...",positivo,COVID-19
105,1595268748453109760,Muy valiente en la ma√±ana aplic√°ndome la vacuna de la influenza y ahora el dolor de brazo se acompa√±a con escalofr√≠os ü•∫,positivo,COVID-19
106,1595268601304567810,@GustavoBolivar @petrogustavo Porq uds se dedicaron a destruir el pa√≠s y a evitar q el presidente Duque pudiera desarrollar los planes d gobierno  uds fueron mucho m√°s da√±inos q el covid 19  para eso hubo vacunas suficientes y a tiempo  para Uds no hay vacuna q valga y se riegan como virus entre ignorantes!,negativo,COVID-19: Latest news updates from around the world
107,1595268587333341191,"""El Evangelio no es una vacuna en contra de un momento dif√≠cil  sino la esperanza de que ellos no te alejar√°n de Dios.""",positivo,COVID-19
108,1595268444119003138,Los estadounidenses que se pusieron la vacuna actualizada de refuerzo contra el COVID-19 tienen m√°s inmunidad frente a los que no se la pusieron. Aqu√≠ detalles #LHInternacional ‚¨áÔ∏è https://t.co/mkpGtzNZkE,neutral,COVID-19
109,1595267874704203776,@DeniseMaerker ¬°Ojal√° llegue esa vacuna!,positivo,COVID-19
110,1595267830131335170,@jenarovillamil @lopezobrador_ @Conacyt_MX As√≠ como la vacuna patria jajaj atolizados,positivo,Mexico political figures
111,1595267710522478593,@YorkOcanto La verdad es que es incre√≠ble la cantidad de personas que hoy por hoy tratan a toda costa y pateticamente  sin pruebas que es lo peor insisten en la hip√≥tesis irreal de que la vacuna  contiene agentes mortales que nos vuelven extra terrestres. Bajenle dos que eso es Embuste,negativo,COVID-19
112,1595267620101562368,@rikgmr @elxokas No creo k ni tu ni yo pagemos su vacuna es mas el pago las vacunas a tus hijos y tus padres y mientras tienes unos estudios y trabajos de mierda el se mofa arriba ya k nunca llegaras ni tu ni yo,negativo,Family
113,1595267294988484608,@martamarco__ ¬øUn chip? ¬°Qu√© ignorante! La tecnolog√≠a solo permitir√≠a un chip de 8 caracteres  hoy por hoy  en una vacuna. Menos d√≠gitos que los de un DNI  fan√°tica conspirativa. https://t.co/u6sXmS4TZa,negativo,COVID-19
114,1595267202814545920,@jungla_insider @Minsa_Peru Y qui√©n chucha eres t√∫ para mandonearme XDD Si hay rebrote me la pongo  sino no. Y no es porque uuy que miedo la vacuna de la muerte y tantas huevadas que dices por ignorante  sino porque no es necesaria.,negativo,COVID-19
115,1595267015664705537,@alejferrer Esa se la pasa inventando teorias locas de cualquier cosa. Tiene el combo completo: anti vacuna  terraplanista  pro trump,negativo,COVID-19
116,1595266963127029760,Hoy toc√≥ doble vacuna üíâüò¢ siento que mi brazo se va a caer del dolor üòî y ma√±ana tocan an√°lisis cl√≠nicosü©∫üß´üò≥ ya quiero terminar con todo esto üò•,positivo,COVID-19
117,1595266941542866944,@mario_dico50 Pues ya te di√≥ covid  y la vacuna pfizer no funcion√≥. ü§£üòÇü§£üòÇü§£üòÇü§£üòÇü§£üòÇü§≠üöëüöíüöîü•∂ü•∂üò∑üò∑üí©üí©,positivo,Pfizer
118,1595266728149540864,@ChialFelix Todos hablan de vacuna  falta se actividad  mala nutricion....pero nadie se pone a ver la acumulacion de los desechos de las plantas nucleares que las entierran en islas  contaminan el mar y va en aumento,negativo,COVID-19
119,1595266568174329857,El forense concluye la muerte de un ni√±o de 14 a√±os 3 semanas despu√©s de inyectarse la ‚Äúvacuna‚Äù Pfizer hay 'preocupaci√≥n p√∫blica significativa'  La evidencia es cada vez m√°s clara de que la üíâ probablemente nunca deber√≠a haber sido aprobado en primer lugar. https://t.co/gxCIhIWmd9,negativo,COVID-19: Latest news updates from around the world
120,1595266378554118146,@yorch250487 @SC_ESPN Hoy d√≠a te vacuna Espa√±a a vos üíâ,neutral,COVID-19
121,1595265908901281792,@seba_casas @deportes_13 Si sabes q estoy re ocupada a esta hora tirada en la cama... Y vos leyendo que le contesto a todos me imagino que estas x descubrir una vacuna contra la pelotudez No?,negativo,COVID-19
122,1595265768798969856,@lximenezsarro @TenochHuerta Ser√° que la vacuna cubana les alivie de tanto sufrimiento? O m√≠nimo que tomen el jarabe rosa que les combina con todo!! üíÖ,negativo,Tenoch Huerta
123,1595265728160178177,@everstrongever @carolinacorcho Cuando usted nesecite la vacuna yo se la pongo,neutral,COVID-19
124,1595265710636384256,Si insertar el hilo en la aguja es un pedo  ahora sumale estando cansado y de malas...  Creo que voy a necesitar una vacuna contra el t√©tanos y un 'punchin' bag',negativo,COVID-19
125,1595265444747022337,Ahora la vacuna del Covid hace que la gente se vuelva Ped√≥fila. Se√±or  no puedo con la gente  de verdad https://t.co/wikBwyA107,neutral,COVID-19
126,1595265339100635136,"@_Lauke_ @elmundoes 1. Que man√≠a con llamarla vacuna pues no lo es 2. Las estad√≠sticas cada vez menos creibles 3 ¬øthay relaci√≥n ""vacuna"" con exceso de muertes sobre la media que est√° atacando principalmente a deportistas? La universidad y el estado de Florida creen que s√≠",negativo,Florida
127,1595265226609508353,Desarrollan controversial vacuna para combatir el fentanilo en EEUU y ya super√≥ crucial prueba https://t.co/TA6aisqM58   .,negativo,COVID-19
128,1595265029615632385,#√öltimaHora: Gobierno informa que a finales de noviembre vencer√°n 400 mil dosis de la vacuna contra el Covid-19. Adem√°s de 11 mil dosis pedi√°tricas.  Autoridades piden a poblaci√≥n acudir a vacunatorios #NM935 https://t.co/a84F3nY2Oz,neutral,COVID-19
129,1595264965812047872,@crebosio95 Tienen que ponerse las vacunas. De sarampi√≥n  etc.  Lo del covid no es vacuna,neutral,COVID-19
130,1595264228952313857,OTRO JOVEN MUERE POR LA #vacuna!  #vacunaCOVID19 #PfizerGate #Pfizer #PfizerLiedPeopleDied  @IllbeVr @Dante27455639 @clau_diaz66 @gloriagarzaiba @ALEGRA1988 @monicagarzag @crnalexander @kikerCG @rubengluengas @nicolasmorasok @delamadridrob @SChecoPerez @Carlos_Slim_D @RighsSpeed https://t.co/HVylX6VlqY https://t.co/8MkSLCl7ev,neutral,Motorsport
131,1595264016372350977,No hay manera que se haya logrado que yo use una jeringa en mi  pero lo hiceüôÉüò≥ Como?? Ni idea pero la net me siento la + valiente del worldüòå Hoy era mi vacuna contra la influenza como toda una guerrera se logr√≥  porque si ya pas√≥ lo que pas√≥ que no deje a alguien m√°s hacerloü§∑üèª‚Äç‚ôÄÔ∏è https://t.co/RZ80bxCM4z,positivo,COVID-19
132,1595263777594900480,"¬øArrancamos? Te dejo un dato  farsante miserable:  2009¬†Se¬†inicia la aplicaci√≥n de la¬†vacuna contra¬†el virus del¬†papiloma humano¬†en la poblaci√≥n de 12 a√±os a 16 a√±os residente en municipios de riesgo"". Aqu√≠ no hay PERIODO NEOLIBERAL... https://t.co/etjZGUsKPq",negativo,COVID-19
133,1595263118879625216,Me vacunaron para Influenza y Neumococo; y me duele el brazo. No habr√° paja üòû De haber sabido que me doler√≠a tanto el brazo post-vacuna me habr√≠a masturbado unas 3 veces antes de ir. Tambi√©n creo que me est√° dando algo de fiebre. ¬°En fin! Si me muero  recu√©rdenme por mi pito uwu https://t.co/9iyrXMIhhS,negativo,COVID-19
134,1595262945289801728,Desarrollan controversial vacuna para combatir el fentanilo en EEUU y ya super√≥ crucial prueba https://t.co/TA6aisqM58    ,negativo,COVID-19
135,1595262889316810752,Peaje? Vacuna parce! https://t.co/dmV04AoAyL,neutral,COVID-19
136,1595262364609388544,@tntsportsmex El s√°bado te vacuna por 2 Messi!! Vas a ver!,neutral,COVID-19
137,1595262317268180992,INICIA EN CAMPECHE LA CAMPA√ëA DE VACUNACI√ìN CONTRA EL VIRUS DEL PAPILOMA HUMANO     ‚Ä¶Del 22 de noviembre y hasta el 9 de diciembre se vacunar√° a ni√±as de 13 y 14 a√±os   ...Desde hace dos a√±os no se administraba esta vacuna que se aplicar√° de manera gratuita https://t.co/wZCfeAEkYl,positivo,COVID-19: Latest news updates from around the world
138,1595262247697367047,@josetorcuato Los tiempos de cierre fueron m√≠nimos y eso fue al principio  porque nadie sab√≠a que suceder√≠a con esto. En la educaci√≥n pas√≥ lo mismo y la elecci√≥n de las vacuna y su implementaci√≥n fue notable. Hubo y hay actividades muy da√±adas pero la mayor√≠a no y la econom√≠a creci√≥.,negativo,COVID-19
139,1595262217095680001,El Refugio de Paty donde me da temporal a Mina  estrellita  Angelo  Yudi  Cloe y Shelby necesita vacunas qu√≠ntuples para todos ü•∫ en total son 31. Cada qu√≠ntuple cuesta $4.50 me las dan a ese precio üòä en vet cuesta $15c/u total $139.50 esa vacuna les toca cada a√±o. @cantanteioh https://t.co/Dy1h1g68nl,positivo,COVID-19
140,1595261584313573378,@jenarovillamil @lopezobrador_ @Conacyt_MX No estaban tambi√©n desarrollando la vacuna patria? Mas fracasos de la 4T,negativo,Mexico political figures
141,1595261501320974336,¬°Nos escuchamos este pr√≥ximo jueves 24 de noviembre a las 7 p.m. en ‚ÄúA tu Salud P√∫blica‚Äù!  Hablaremos de la temporada estacional de influenza y sobre mitos y realidades de la vacuna contra influenza.  üíâ ü¶†üî¨üß´ https://t.co/G9haBRqRGI,negativo,COVID-19
142,1595261280742526976,@mariacrisdu @Trovato0k @aguerosergiokun porque ya su cuerpo esta da√±ado por la vacuna  y lo que se puso no se lo puede sacar,negativo,COVID-19
143,1595261245904617472,"Un m√©dico australiano puso gotas de la vacuna Pfizer y sangre de pacientes vacunados bajo un microscopio de campo oscuro y film√≥ ""estructuras met√°licas extra√±as y extra√±as que parecen circuitos y microchips"" que ""parecen responder a campos electromagn https://t.co/rOVXj7NFW1",negativo,Pfizer
144,1595260742176997376,@Strawberrycl311 @YorkOcanto Morir√°n como todo el mundo  de cualquier cosa  pero no a causa de la vacuna.,negativo,COVID-19
145,1595260714293153793,@Yannis20706671 @radiomitre Yo me vacun√© y no me mor√≠  seg√∫n tu l√≥gica  la vacuna me hizo inmortal,positivo,COVID-19
146,1595260652565692417,@buxtrep @PolloFarsantePe Solo tienes que preguntar qu√© vacuna ten√≠a y cuantas?,neutral,COVID-19
147,1595260027018907651,@Laura45897894 @gomez_rial5 El 19 de febrero de 1993  naci√≥ mi hija y no se aplic√≥ Vacuna Hepatitis B. A los 43 d√≠as de vida se le ingresa a sala de lactantes y luego a UCI  con diagn√≥stico de Bronquiolitis. Egres√≥ a los 7 dias del hospital. Gracias a Dios,positivo,COVID-19
148,1595259820571082754,@saludjalisco cuando sale la vacuna contrata t√©tano tengo dos a√±os busc√°ndola seguro y centro de salud que no hay cuando tienen una respuesta https://t.co/roRvLoMjH7,negativo,COVID-19
149,1595259686202253313,Ma√±ana me iba a vacunar contra la influenza  despu√©s me acord√© que tengo el concierto de Nicki Nicole y de Daddy Yankee y cancel√© la vacuna: ADULTING SO HARD IN HEREüòåüíÖüèª,negativo,Latin music
150,1595259003625512960,@crebosio95 En √Åfrica solo se vacuno con esa basura 6 % el COVID desaparecido. Tengo todas las vacunas desde ni√±o pero esa basura del COVID no fue ni ser√° una vacuna. https://t.co/O9RHO9I3jS,negativo,COVID-19
151,1595258838390743040,Vacuna contra viruela del mono ofrece protecci√≥n del 78% y s√≥lo 14 d√≠as despu√©s de que se aplic√≥   https://t.co/IjuO6eRLdE https://t.co/ROTUx1la9f,neutral,COVID-19
152,1595258696233353216,@fargosi Sabe mucho de campo y raza vacuna,neutral,COVID-19
153,1595258516096385024,@jessymora85 @RICARDOJN14 Por otro lado  entonces tambi√©n deber√≠an prohibir la insulina recombinante y deber√≠an volver a la s√≠ntesis antigua de igual manera la vacuna de Pfizer y la de Moderna? Estar√≠as de acuerdo en ello sabiendo que las personas inmunodeprimidas no pueden recibir vacunas de vector viral,positivo,Pfizer
154,1595258094891765762,Hay una vieja enfermedad sin cura  es la locura de pensar en conquistar y no hay vacuna  tampoco hay una para solventar la hambruna  mientras tanto algunas cuentas ya financian un ascensor a la luna. C.,negativo,COVID-19
155,1595257871989899265,@JorgeGCastaneda @JorgeGCastaneda Perd√≥n. Incluyendo la fallida 4 vacuna q m meti√≥ amlo xel...,negativo,COVID-19
156,1595257588991549440,Hoy fue d√≠a de vacuna apenas estamos llegando a casa. hoy se vendieron 30 boletos y estamos muy agradecidos llevamos 141 boleto porfavor sigue compartiendo ay√∫danos a comprar un boletos pedimos de navidad y A√±o Nuevo el tener La Paz de que las vacunas est√©n pagadas √∫nete porfavor https://t.co/ocgmUIzy6a https://t.co/BjiEQj4n9c,positivo,COVID-19
157,1595257493021773825,Dos a√±os tarde: Pfizer y Moderna lanzan investigaci√≥n para determinar v√≠nculos entre la vacuna Covid y la miocarditis - La Derecha Diario https://t.co/M7GC7pXraz,neutral,Pfizer
158,1595257137797767168,@justk4no @NoSoyRyz Ponle vacuna,neutral,COVID-19
159,1595256960894615553,Que le pasa a la gente sera que les esta haciendo efecto la vacuna del covit???  Estan cada dia mas pelotud@s o estudian para ser asi? A ver si se ponen media pila... si no asi van directo a la extincion manga d giles y gilas...,positivo,Animation & comics
160,1595256526993702912,üéØ La vacuna contra la polio y el origen del SIDA... https://t.co/d79lDJFsVK,neutral,COVID-19
161,1595256491694358528,Moderna anuncia demanda contra Pfizer y BioNTech por patente de vacuna COVID-19  https://t.co/8fai0pUvJU,negativo,Pfizer
162,1595256480105521152,Moderna anuncia demanda contra Pfizer y BioNTech por patente de vacuna COVID-19  https://t.co/yah2TJZuOJ,negativo,Pfizer
163,1595256470106669056,Moderna anuncia demanda contra Pfizer y BioNTech por patente de vacuna COVID-19  https://t.co/vhTK4OdkK4,negativo,Pfizer
164,1595256459809460224,Moderna anuncia demanda contra Pfizer y BioNTech por patente de vacuna COVID-19  https://t.co/X9tMX0xpXC,negativo,Pfizer
165,1595256402833903616,@PowerColorao @CarlosC24792918 @leo_poblete @guruchuirer Se te olvido  que contruyeron una Gran REFINERIA en Hidalgo  un tren de Toluca-CD de Mexico  que Compraron Vacuna H1-N1( sin deuda)  que pasaron Reformas solo por su buen servicio a MEXICO  y que los 43 jovenes de la universidad en Guerrero eran unos terroristas y por los mataron,positivo,COVID-19
166,1595256317555650560,@Alejand63363439 @Ivancho_3__ Pues para que enferme y muera! Para eso se vacunan a los beb√©s  esa es la realidad. Pero ellos creen que la mal llamada vacuna les proporciona super poderes.,positivo,COVID-19
167,1595255992194928640,@Ivancho_3__ Le estuve leyendo su twitter y no se da cuenta que fue por la vacuna,neutral,Twitter
168,1595255777966624769,@GobiernoMX @lopezobrador_ @Conacyt_MX Igual que la vacuna patria?  O los concentradores?  Como les gusta agarrar de ingenuos a sus seguidores.,positivo,Mexico political figures
169,1595255637663006720,@GobiernoMX @lopezobrador_ @Conacyt_MX Y los vetiladores para el covid?  y la vacuna patria?. No sirven para nada.,negativo,Mexico political figures
170,1595255636039720960,Me mame  qui√©n me manda a poner la vacuna del COVID combinada con la de la influenza? https://t.co/PnQz56HYVj,negativo,COVID-19
171,1595255201950072832,Hora agendada para la vacuna üò¨ Menos mal que ahora es anual,positivo,COVID-19
172,1595255133411348480,@lecc_07 @IroChaguaPayano @FiscaliaPeru @blogdenotas @CMP_PERU @MaytaTristan @drantonioquispe @santoschilcano @alvarezrodrich La familias dice que fue por mala praxis  no por la vacuna. Fake News,negativo,COVID-19
173,1595254806352113665,@GobiernoMX @lopezobrador_ @Conacyt_MX Que nom√°s que acaben los ventiladores y la vacuna Patria  empezar√°n a trabajar en el Glifosato del Bienestar.,neutral,Mexico political figures
174,1595254655407251457,@OPSOMSVenezuela @MinSaludVE @MPPEDUCACION Vacuna? Esto no est√° en fase experimental? Prohibido en muchos pa√≠ses? No vacunen a sus hijos.....,negativo,Family
175,1595254592337580032,@PatoAlv74508783 @LibertadDoctora te recomiendo la vacuna contra el neumococo en esos casos,positivo,COVID-19
176,1595254549039783937,solo voy por la vacuna,neutral,COVID-19
177,1595254482090311680,@Patticcha @jpcarrion1 @chokosoda @Minsa_Peru ¬øTiene usted las pruebas que no es por la vacuna?,neutral,COVID-19
178,1595254085577764864,@dgsanabria @RevistaSemana La mayor√≠a de vacunas de Duque fueron donadas  si √©l no hubiera puesto el carnet de vacunaci√≥n la gente no se vacuna. La viruela del mono no es pandemia  si se gastan millones la gente no se va a vacunar üíÅ‚Äç‚ôÇÔ∏è ¬øusted se vacunar√≠a?,neutral,COVID-19
179,1595253557242077185,"#Mundo | La #OMS aprob√≥ la vacuna #COVID19 de la compa√±√≠a china #SINOVAC para su uso en personas mayores de 3 a√±os  ""lo que la convierte en la primera vacuna del mundo en la Lista de uso de emergencia de la OMS que ha sido aprobada para las edades de 3 a 17 a√±os"": empresa https://t.co/CmajUUH3N3",positivo,COVID-19: Latest news updates from around the world
180,1595253497905152005,@nacnac100 @EmergenciasEc @LassoGuillermo Y si nos vacuna Holanda ojal√° y el feriado sea bancario,positivo,Events
181,1595253493354348544,@retinamexico Ay que miedo ü´° como con el Guillain Barre y miles madres m√°s con la vacuna o trombosis ü•≤ü•≤ü•≤ü•≤ chillo,negativo,Family
182,1595253023961452549,Tantas pruebas y a√∫n siguen sufriendo las consecuencias los m√°s inocentes: Miocarditis en ni√±os pas√≥ de 4 a 25.000 casos por mill√≥n tras la ‚Äúvacuna‚Äù Dr. Peter McCullough  cardi√≥logo  en Charlie Kirk Show.  Protejamos a los ni√±os üôèüèªüíóüëº https://t.co/2fAEZd3ePv,positivo,COVID-19
183,1595252918281814016,El CEO gringo de la vacuna. üëá https://t.co/xoAAqLqoPB,neutral,Government institutions
184,1595252760840216577,@murgastorrazza @ChialFelix Mi visi√≥n se ha visto muy afectada  pero muy afectada  he esperado 6 meses una m√°quina para un examen en @CSSPanama y a√∫n sigue en USA  fui por fuera y el m√©dico me dice q necesito urgente una cirug√≠a üò†üò† ¬øFue la maldita vacuna la culpable o el COVID  de mi problema visual? üò†,negativo,COVID-19
185,1595252703680004096,El estres posterior a la vacuna ser√°... https://t.co/cfg68gfA2d,negativo,COVID-19
186,1595252602425442304,Traidores a la infancia dice el gobierno que m√°s ha impactado en la salud de nuestros ni√±os  se acab√≥ el a√±o y muchos peques no recibieron ni la segunda dosis de la vacuna contra el COVID ya ni hablar de medicinas y servicios para ellos,negativo,COVID-19
187,1595252055270211591,Recomiendan aplicarse vacunas actualizadas   Los estadunidenses que se pusieron la vacuna actualizada de refuerzo contra el covid-19 tienen m√°s inmunidad frente a los que no se la pusieron  al menos por ahora  informaron autoridades de  ... - https://t.co/BY04ezW9X9 https://t.co/x4cO1IdmRl,positivo,COVID-19
188,1595252047368142849,@Gabospeed94 @IroChaguaPayano @FiscaliaPeru @blogdenotas @CMP_PERU @MaytaTristan @drantonioquispe @santoschilcano @alvarezrodrich Cagada es lo que la vacuna mortal covid19 har√° en tu cuerpo en unos meses m√°s no falta mucho para √©so üíâ‚ò†Ô∏è‚ö∞Ô∏è https://t.co/tPpHeGm1it,negativo,COVID-19
189,1595251899934167040,@carolinacorcho No es capaz de comprar una vacuna  ahora va poder hacer algo para prevenir o al menos bajar la accidentalidad de tr√°nsito.,negativo,COVID-19
190,1595251818304602114,@LORE_LOR @Aldolr Lore yo me la he puesto cada a√±o y no me ha dado reacci√≥n. Solo el dolor del piquete  seg√∫n la buena o mala mano de quien me ha puesto la vacuna.,negativo,COVID-19
191,1595251646644322305,@GobiernoMX @lopezobrador_ @Conacyt_MX Si sale como los ventiladores o la vacuna patria  ya nos llev√≥ la chingada,negativo,Mexico political figures
192,1595251391341158401,@MalthusGamba @lopezobrador_ üòÇü§£üòÇü§£üòÇü§£üòÇü§£üòÇü§£üòÇel conacyt de la vacuna patria? De los respiradores que no sirvieron? Los que est√°n acabando con la ciencia neoliberal? ü§£üòÇü§£üòÇü§£üòÇü§£üòÇ,positivo,Mexico political figures
193,1595251349054177281,@PetterOficial13 La vacuna de Vizcarrata,neutral,COVID-19
194,1595251293953486848,Anuncian segunda dosis de vacuna #Covid para menores de 5 y 6 a√±os y menores rezagados de #Ecatepec https://t.co/glY57Ligot https://t.co/9mZA37FWtw,negativo,COVID-19
195,1595251272088707078,@PatoAlv74508783 @LibertadDoctora ya te vacunaste 2 veces y listo... ningun medico exige que tengas mas es inneceario  el de al lado tuyo se va a contagiar igual  con o sin vacuna te guste o no porque no podes controlar eso,positivo,COVID-19
196,1595250419487252480,@SSaludCdMx Muy reducida la vacunaci√≥n  antes me pod√≠a vacunar en cualquier centro de salud. Ahora ni pensarlo  no entro a los grupos de riesgo  no hay vacuna para mi  igual que el a√±o pasado.,negativo,COVID-19
197,1595250093464100865,@Imagen_Mx @TwitterSeguro  revisa el canal anti-vacuna que promueven en Twitter los seguidores de esa pseudo-cient√≠fica.,positivo,Twitter
198,1595249921535492096,@Iberia Me puedo trepar al avi√≥n sin vacuna?,neutral,COVID-19
199,1595249740765171712,"@SaludEdomex ¬øcuando comenzar√°n a aplicar la vacuna para ni√±as de 11 a√±os contra el papiloma? Pregunt√© en el Centro de Salud de Los Reyes  me dicen que est√°n ""esperando"" que ustedes lo autoricen....¬øCu√°nto tiempo debe esperar mi hija y miles m√°s? Es desesperante la preocupaci√≥n..",negativo,COVID-19
200,1595249601472348161,@BeatrizValleM Cuantos hondure√±os se vengara con los doctores periodistas y pol√≠ticos de Honduras  por insistir que se aplicar√°n √©sa mal llamada vacuna del covid que han perdido su salud familiares han muerto  ni√±os est√°n con problemas graves de salud y muertes de ancianos ¬øBuscar√≠an venganza? https://t.co/twa4Q3MfGE,negativo,COVID-19
201,1595249579481616385,Me puse la vacuna de la influenza y verdaderamente no siento el brazo:),positivo,COVID-19
202,1595249014932389888,la vacuna que salva vidas!! ü§° https://t.co/YVOlrENzZm,neutral,COVID-19
203,1595248094861459456,"@Minsa_Peru ¬øY la coacci√≥n a la poblaci√≥n para que se inoculara ese producto g√©nico sin responsabilidad legal de los laboratorios? ¬øY el forzoso uso de un rid√≠culo carnet de una in√∫til supuesta vacuna? ¬øY el comercial de ""Desaparece  William""? Cosechan lo que siembran.",negativo,COVID-19
204,1595247835242438658,"üíâüíâüíâüíâüíâüíÄ AHORA - ""Dios te dio dos brazos"" para que te pongas la COVID y la vacuna contra la gripe  dice el Director de Respuesta a la COVID de la Casa Blanca.  @disclosetv https://t.co/ImO9SUoiaz",negativo,Government institutions
205,1595247584410476544,@Salud_Ec @OPSECU @Vice_Ec @Presidencia_Ec @InfanciaEc Acu√©rdense de ayudar a salvar vidas  y ya dejemos en 2do plano la palabra vacuna  tb existen los ni√±os y adolescentes con c√°ncer  los mismos que son ignorados por ustedes. Se mueren muchos x falta de medicinas y otros por la falta de atenci√≥n o de una firma. @apnacc,negativo,COVID-19
206,1595247551036407810,@WaykaPeru Con vacunas con tulio y grafeno  matan ni√±os y jovenes y si eso pasa ni lo registran.Por eso la persecucion de esa vacuna asesina,negativo,COVID-19
207,1595247424502730759,@cap890 @YaradeNaim @DanannOficial @IgualdadLGBT Pero eso no refiere a la del.covid.ü§¶ü§¶  no es lo mismo  pfeizer te lo dice pero no  a ver  m√°s f√°cil? 6 meses despu√©s que djokovic fue prohibido en Australia? Sigui√≥ siendo obligatoria la vacuna en Australia? Nooo,positivo,COVID-19: Latest news updates from around the world
208,1595247239819296769,@LibertadDoctora x suerte tengo la 5 vacuna vayan a cualquier vacunatorio en PBA q se la dan no importa donde vivan !!! hoy viaje en colectivo lleno total  vidrios cerrados se viene terrible ola  a cuidarse !!!,positivo,COVID-19
209,1595246982238732289,O sea que los que dec√≠an que la vacuna era agua  que mataba  que era un enga√±a muchachos; los que ped√≠an que las vacunas las vendan los privados  los que negaron la pandemia o se opusieron a las medidas ¬øesos est√°n acusando a Vizcarra de manejar la pandemia de forma pol√≠tica?,negativo,COVID-19
210,1595246625156665344,@mar96lol @ABCDigital Que tiene que ver la corrupci√≥n en esto  ac√° siempre hubo pr√©stamos y corrupci√≥n pero esto del covid y pandemia el mundo sufri√≥. Ac√° en USA y Europa y otros pa√≠ses suben los casos. Esto se queda y se vacuna y se reinfectan etc. Hay que completar el esquema y ya,negativo,COVID-19
211,1595246601244741634,@Ledesma_madasS3 @_NicktheFox_ @CdEdFdFpE13 @oOoConservas Estoy de acuerdo con ello porque existe evidencia de que el uso de las mascarillas reduc√≠a la probabilidad de infectarse y de infectar a otros  pero con la vacuna no  esta simplemente evitaba que los s√≠ntomas desarrollados fueran graves y que pudieran llegar a hospitalizarte.,negativo,COVID-19
212,1595246293047287813,@ep0408984 @friedmanntomas El que nunca fum√≥ que tire la primera piedra. Nunca los vi protestar contra la vacuna del COV,positivo,COVID-19
213,1595246291809869827,@gabrielfojo @ArmandolioMejor El Lole no muri√≥ x la vacuna  ten√≠a c√°ncer hace a√±os. https://t.co/1L0p0R99kt,negativo,COVID-19
214,1595246093108973569,Todo el mundo anda apestoso.  Ser√° por que todos tienen la vacuna ??,negativo,COVID-19
215,1595246037597585408,@orland_71 @ABCDigital Nadie dijo que con la vacuna no se contagien sino que hay menos posibilidad de gravedad siempre se dijo eso y gracias a las vacunas el mundo volvi√≥ a se normal. En otros pa√≠ses tan vuelven a subir. Ac√° en USA y Europa,positivo,COVID-19
216,1595246022707785728,@icecube  rechaz√≥ 9 millones de d√≥lares porque no quer√≠a recibir la vacuna Covid https://t.co/6nxg56cBYJ,negativo,Hip hop
217,1595245890364706816,Todo el santo d√≠a me dej√≥ un dolorsito bien chinga quedito la vacuna de la influenza,negativo,COVID-19
218,1595245696541552640,@Gall_Kemal @_NicktheFox_ @CdEdFdFpE13 @oOoConservas Cierre de negocios no importantes  distanciamiento social  uso de gel anti bacterial  en algunos pa√≠ses no pod√≠as salir de tu casa hasta cierta hora de la noche  tener la vacuna contra el covid. Todo esto para evitar un mal mayor y frenar la pandemia,negativo,COVID-19
219,1595245460687667200,La vacuna la vacuna ...  Conspiranoicos by like https://t.co/v1IRmATY9e,negativo,Events
220,1595245420619485185,@JohanLozada26 La vacuna puso mal a m√°s de uno.,negativo,COVID-19
221,1595245393629044736,@Minsa_Peru Ha quedado demostrado que eso no es vacuna.,neutral,COVID-19
222,1595244921765494784,üì∞ #ComunicadoSalud | ANUNCIAN APLICACI√ìN DE SEGUNDA DOSIS DE VACUNA CONTRA COVID-19 PARA NI√ëAS Y NI√ëOS DE CINCO Y SEIS A√ëOS DE EDAD EN Ecatepec.  ‚úÖ Aplican tambi√©n primera o segunda dosis a rezagados de cinco a 13 a√±os de edad.  üìå M√°s detalles üëâüèª https://t.co/OhKYUksbIj https://t.co/5wEkrdLEVa,neutral,COVID-19
223,1595244896662999040,@MalthusGamba @lopezobrador_ Y lo va a tener listo junto con la vacuna del COVID   uupps  o no?,positivo,Mexico political figures
224,1595244718367145985,@elwarpig Esperaba este momento de King Hobo. Ha sido un gran show pero quer√≠a ver con que vacuna me sorprend√≠as. Por ah√≠ dile a la #salvationarmy que tiene miembros de Clutch  te pregunto  c√≥mo es que estamos ciegos? #salvameradio,positivo,The Salvation Army
225,1595244259866775553,@ejdecena La mejor vacuna es la disciplina! La loquera gringa los lleva a r√©cord mundial de contagiosas t y decesos m√°s la ausencia de sanidad p√∫blica! Iden brasil y neoliberales sionistas!globalistas pues!,positivo,COVID-19
226,1595243910938644480,@jassnews1 @cap890 @DanannOficial @IgualdadLGBT Va digo ay alguna vacuna que le hizo algo a alguien?,neutral,COVID-19
227,1595243910200459265,@juancristonomo Que haga lo que quiera!!!!! Es un funcionario de la FIFA Y AMA EL F√öTBOL. Vacuna contra la envidia!!!!!,positivo,COVID-19
228,1595243890675621888,@cap890 @DanannOficial @IgualdadLGBT Sos demasiado pelotudo  los propios laboratorios dijeron que estar vacunados NO previene que contagies .si la persona que est√° con vos est√° vacunada o no te.puede contagiar igual  la.vacuna.solo.hace que VOS no te enfermed NABO,negativo,COVID-19
229,1595243879409848322,Las vacunas salvan vidas y nos cuidan y protegen  vacuna a tus ni√±os y ni√±as  vacunarlos es un acto de amor para con ellos y para con todos y todas. Quedan pocos d√≠as y est√°n disponibles las vacunas en todo el pa√≠s. La salud es nuestra bandera üá¶üá∑ #PrimeroLaGente https://t.co/RIw4iaGreU,positivo,COVID-19
230,1595243837978726400,Anuncian aplicaci√≥n de segunda dosis de #vacuna contra #COVID19 para ni√±as y ni√±os de cinco y seis a√±os en #Ecatepec.  Aplican tambi√©n primera o segunda dosis a rezagados de cinco a 13 a√±os. https://t.co/Bma6Ctqz1z,neutral,COVID-19
231,1595243622089244676,@zoerobledo @Tu_IMSS Deben de checar sus procesos de vacunaci√≥n de VPH en Tlaxcala suspendieron por la pandemia la vacuna y solo la colocan en escuelas particulares cuando va uno a la cl√≠nica resulta que nunca tienen y no me dan la vacuna para m√≠ hija por qu√© ya tiene 17 es esto posible,negativo,COVID-19
232,1595243577034084354,@elmundoes Y la vacuna hubiera agravado el problema.,negativo,COVID-19
233,1595243245046566912,Mis gordos con fiebre por la vacuna üò≠,negativo,COVID-19
234,1595243222233763906,@jassnews1 @cap890 @DanannOficial @IgualdadLGBT No me digas que sos Anti vacuna ü§£,positivo,COVID-19
235,1595243088343187456,@ecojosejimenez @JonatoBTC @HenkelGarcia Tambi√©n seguimos dando descendencia y tambi√©n dormimos. Por eso me voy a dormir  porque la Vacuna tampoco me di√≥ insomnio.,neutral,COVID-19
236,1595243087118405639,@ejdecena Salve decena!los venezolanos que solo llegamos a 5mil decesos y los chinos con miles de millones hasta hace 2 meses con 27mil decesos!la √∫nica vacuna de virus atenuados! El resto hasta las cubanas de ARN mensajero que afectar√° el adn humano!veremos!,positivo,COVID-19: Latest news updates from around the world
237,1595242935209308160,no sab√≠a que saber el 4 4 2 era descubrir la vacuna contra los PELOTUDOS https://t.co/JwExFY2sAj,neutral,Events
238,1595242934970077185,Uno no puede ir a ponerse la vacuna de la #influenza porque sale con todo y #papanicolau üòÆ‚Äçüí®üôÑ https://t.co/0wHrOxVzBs,neutral,COVID-19
239,1595242904745828352,@condor_argento @A24COM Ponte una dosis m√°s de la vacuna mortal covid19 para que pruebes que tal sabe el infarto fulminante #repentinitis,positivo,COVID-19
240,1595242776785977344,Los ka son bichos oriundos d Argenzuela..Te pican como ara√±as d rinc√≥n.OJO Q NO HAY VACUNA!!!,negativo,COVID-19
241,1595242476205391873,@Tantallosd @JohnPretel @RoxanaAC @Noktambuleante @Minsa_Peru oe imbecil no ves que su hermana murio por la Vacuna Experimental o acaso esta hablando sin pruebas eres tan borrego que te muestran las pruebas y igual no crees pero que puedo esperar de alguien que cree que el gobierno se preocupa por tu salud xd esto tambien es mentira xd https://t.co/O8wjjgGu88,negativo,COVID-19
242,1595242422384181249,Mientras algunos aplaud√≠an la c√°rcel a un tenista con una vacuna no homologada por occidente probablemente los mismos exigen imponer campa√±as sobre temas sensibles totalmente alejadas del objetivo del f√∫tbol en un pa√≠s NO occidental.  ü§î,negativo,COVID-19
243,1595242259951280128,@Minsa_Peru Definitivamente en Per√∫ hace falta m√°s cultura cient√≠fica.Comenz√≥ la pandemia:no sab√≠an qu√© era una vacuna y los tipos que hay  la diferencia entre virus y bacterias qu√© era un ensayo cl√≠nico  una PCR y sus variantes  grupo control etc. Pero creen saber de gen√©tica y virus.Irreal,positivo,COVID-19
244,1595242236341817345,@IngridTirado9 @Minsa_Peru @PoliciaPeru 2 premios Nobel dijeron que era una farsa esa vacuna ‚Ä¶ y los vacunados varios fallecieron‚Ä¶creo que ya no se puede tapar el sol con un dedo.,negativo,Nobel Prize
245,1595242102228656128,@cap890 @jassnews1 @DanannOficial @IgualdadLGBT Si la vacuna si funciona cualquier enfermo sea comunista  liberal  socialista  social democr√°ta E.T.C ya Q se tiene que usar el sentido com√∫n y punto.,neutral,COVID-19
246,1595241792135663616,@ALE_SA29 @jpcarrion1 @chokosoda @Minsa_Peru Eres tan imbecil que escribes sin pruebas muestrame un video de un medio peruano de canal 5 latina o el 4 donde hablen de esto lo que pasa que no aceptas que te enga√±aron y encima te metieron una vacuna experimental https://t.co/1cIUNprwzx,negativo,COVID-19
247,1595241679455330305,üì¢ Este mi√©rcoles 23 de noviembre de 2022  contin√∫a la aplicaci√≥n de 1a y 2a dosis de la vacuna contra COVID-19 #Pfizer para ‚Ä¢ni√±as y ni√±os de 5 a 11 a√±os‚Ä¢ en estas unidades m√©dicas de @MorelosSalud y @HnmMorelos  ¬°Acude a la m√°s cercana! ‚Ä¢Consulta los requisitos https://t.co/vmZtYRiOHK,neutral,Pfizer
248,1595241577554714625,Pensando como poder incluir en cualquier conversaci√≥n el hecho de q yo tengo mi 4 dosis de vacuna,neutral,COVID-19
249,1595241571313762308,@Gall_Kemal @_NicktheFox_ @CdEdFdFpE13 @oOoConservas El objetivo de las vacunas era reducir los s√≠ntomas de la enfermedad. Por eso las reglas en las que todas las naciones se pusieron de acuerdo para reducir el n√∫mero de contagios  otra cosa  al tenista no solo se opuso a la vacuna y minti√≥,positivo,COVID-19
250,1595241489583558662,"El plan estaba  ya  dise√±ado  hace 22 a√±os...y ahora que lo est√°n consiguiendo implantar gracias a la ""vacuna""  van a parar? NO https://t.co/JPGt7odICP",positivo,COVID-19
251,1595241216375132160,Tengo como tres meses con gripe  alguien sabe si el chip de la vacuna actualiza el sistema inmunol√≥gico?,negativo,COVID-19
252,1595241102658965505,@SectorSalud Los de Chapinero  Usaquen  Teusaquillo y Barrios Unidos? O solo al Sur y al occidente se vacuna la gente?,neutral,COVID-19
253,1595241027446931458,@TarekWiliamSaab que horror que esta pasando Dios  seran efectos de la vacuna se desataron los demonios,negativo,COVID-19
254,1595240970957701121,¬øQui√©n introdujo en M√©xico la vacunaci√≥n contra la viruela y cu√°l es el nombre de la vacuna mexicana contra el #COVID-19? Este y otros datos sobre vacuna en #Nocaut ü•äüíâ  Disponible en @TvMigrante a trav√©s de la #app de @MxPlayTVüëâhttps://t.co/Ao5Fb56e5F https://t.co/6OPHqOC4t2,neutral,COVID-19
255,1595240756905922562,@crebosio95 Estos ociosos de hecho son pagados por la mafia fujiaprista ü§¨ü§¨ü§¨ estamos a√∫n en pandemia y sino se ponen la vacuna pueden morir üòîüòîüòî,neutral,COVID-19
256,1595240736181846016,¬°Atenci√≥n pap√°s! üíâ || Del 28 al 30 de noviembre se aplicar√° la segunda dosis de la vacuna contra #COVID19 a ni√±as y ni√±os de 5 y 6 a√±os de edad en #Ecatepec.üëá    #AgenciaMxNoticias  https://t.co/SqIdoe2o6s,neutral,COVID-19
257,1595240719060434944,Vacuna contra viruela del mono ofrece protecci√≥n del 78%  seg√∫n estudio.  üëá  https://t.co/NsIqnLhgd1 https://t.co/NZzztNLSDx,neutral,COVID-19
258,1595240545395396608,üí¨üíâDespu√©s de tanta expectativa sobre el lanzamiento de la #vacuna #Patria contra #Covid19  el presidente ha se√±alado en conferencia que se dar√° mayor informaci√≥n sobre el biol√≥gico el martes 29 de este mes. #DebajoLaNota üëáüèº  https://t.co/rxtVrAdBSI,neutral,COVID-19
259,1595240540718747649,@JesusMartinMx Buena noche  la vacuna de VPH se aplicar√° √∫nicamente en las escuelas de CDMX?? Hay fechas para el EDOMEX?? GRACIAS,positivo,COVID-19
260,1595240363635212288,N√∫mero de casos de influenza a la alza  la mayor√≠a sin dosis de la vacuna existente  porque tanta apat√≠a . Existiendo la vacuna !!!,negativo,COVID-19
261,1595240295951638529,@Devi97101665 El que se vacuna a esta altura de los acontecimientos es muy pero muy pelotudo merece lo que le ocurra,negativo,COVID-19
262,1595240265945698307,@diegoskerljj @Maite31410112 @radiomitre Y seg√∫n vos porque ser√≠a la vacuna? O sea que antes nadie se mor√≠a por problemas respiratorios? Te comiste el amarillismo pol√≠ticoü§¶üèΩ‚Äç‚ôÄÔ∏èü§¶üèΩ‚Äç‚ôÄÔ∏èü§¶üèΩ‚Äç‚ôÄÔ∏è,negativo,COVID-19
263,1595239757197373440,@gastonedul No hay tiempo. Llegas mal an√≠micamente al siguiente partido. Argentina que carece de personalidad. Le falta Hambre garra e individualidades. Si tus 3 figuras no est√°n concentradas se convierte predecible y sin variantes. Si por milagro pasamos de ronda. Francia nos vacuna. https://t.co/H1DZcRVegL,negativo,COVID-19
264,1595239726335795200,ANUNCIAN APLICACI√ìN DE SEGUNDA DOSIS DE VACUNA CONTRA COVID-19 PARA NI√ëAS Y NI√ëOS DE 5 Y 6 A√ëOS DE EDAD EN ECATEPEC ‚Ä¢ Aplican tambi√©n primera o segunda dosis a rezagados de cinco a 13 a√±os de edad ‚Ä¢ Pueden consultar sedes y horarios en el sitio web https://t.co/U2qCIs8bkU https://t.co/yMOpUBpLWk,neutral,COVID-19
265,1595239402753622017,@_NicktheFox_ @CdEdFdFpE13 @oOoConservas Era la decisi√≥n del tipo inocularse o no y la vacuna al no prevenir el contagio propio y el del resto  no prove√≠a un motivo real por el cual limitar mucha de las funciones civiles de las personas por ejemplo trabajar  entrar a centros comerciales  ser atendido en un +,negativo,COVID-19
266,1595239126583885826,"#Fauci: ""Mi mensaje final... obt√©n tu vacuna #COVID19 actualizada"".   https://t.co/LaK97sDYAj",neutral,COVID-19
267,1595238806168510464,@CNNEE 22 estados instan al gobierno de Biden a derogar mandato de vacuna COVID para trabajadores de la salud https://t.co/WljtggVZQT v√≠a @EpochTimesEs,neutral,COVID-19
268,1595238668058460161,@juancar14037103 @CNNEE Trombocitopenia trombotica inducida por vacunas COVID-19 https://t.co/B1kP9bPm1H v√≠a @EpochTimesEs,neutral,COVID-19
269,1595238619069173761,@CNNEE Trombocitopenia trombotica inducida por vacunas COVID-19 https://t.co/B1kP9bPTRf v√≠a @EpochTimesEs,neutral,COVID-19
270,1595238574819274752,@CNNEE 1 de cada 35 personas sufren da√±o cardiaco tras tercera vacuna https://t.co/cSR4uS9gEM v√≠a @epochtimes,negativo,COVID-19
271,1595238564090073088,@juancar14037103 @CNNEE 1 de cada 35 personas sufren da√±o cardiaco tras tercera vacuna https://t.co/cSR4uS8IPe v√≠a @epochtimes,negativo,COVID-19
272,1595238485593661440,@sexyflabia @VictorNillo7 Disfrute su fiebre  seguramente el virus es mejor que la vacuna üòô.,positivo,COVID-19
273,1595238397857202178,"@meiermq Yo conozco y se de m√©dicos que hasta la 2da nomas aguantaron la imposici√≥n. Pasaron de ser waripoleros de la vacuna a sigilosos antivacunas  ""salvo que me muestren evidencia cient√≠fica""",neutral,COVID-19
274,1595238235030134790,@gilfaburgstalle Y para que vacuna si ya en la UE reconocieron que la vacuna fracaso,negativo,COVID-19
275,1595238203052634117,"OJO! Quieren aplicar excensiones(q hay en TODOS los pa√≠ses) para el uso indiscriminado en caso de emergencias sanitarias justificando una NUEVA pandemia obligar a inyectar lo que ellos llaman ""vacuna""y que son armas biol√≥gicas. Pueden hacerlo a trav√©s de tratados firmados con OMS https://t.co/mKiWXuFTZp",negativo,COVID-19
276,1595237876257755136,@drjorgerachid Q infelices se piensan q somos idiotas con esta opereta barata...Claro como los glaciares y la vacuna Pfizzer √±a√±a√±a!!! Sigan con el relato q todo vuelve...,negativo,COVID-19
277,1595237863444078593,@jassnews1 @DanannOficial @IgualdadLGBT Claro que no lo previene  toda vacuna no lo hace  porque no exisye la vacuna 100% eficaz. Anda a leer  al menos usa wikipedia,negativo,COVID-19
278,1595237814840483840,@RevistaSemana C√≥mo todo los socialistas lo quieren regalado  por eso no han comprado ni una vacuna  y ya van m√°s 4000 contagiados con la viruela del mono,positivo,COVID-19
279,1595237729893228547,Tienen un gato pero: - no tiene ni una vacuna al d√≠a  - ‚Äúel sale a veces y vuelve cuando quiere‚Äù  - no est√° esterilizado  - est√° obeso porque no tiene entretenimiento   Mejor no digan que tienen un gato porque pasan verg√ºenza üíÄ,negativo,COVID-19
280,1595237608954765317,Estoy m√°s enfermo que enfermoman. Deber√≠an inventarse una vacuna contra la gripa jajaja que gonorrrea maluquera. Aparte soy onvre jaja y uno es m√°s flojo jajaj,positivo,COVID-19
281,1595237473684262912,@cap890 @DanannOficial @IgualdadLGBT No se.por que insultas pero bueno ya que lo necesitas para hacer valer tus argumentos me das la pauta que sos bastante nabo y borrego. Explicame a quien pon√≠a en riesgo Djokovic ya que es tan √∫til la vacuna?,negativo,Men's tennis
282,1595237121492746241,@MalthusGamba @lopezobrador_ Va a estar listo al mismo tiempo que la vacuna  nunca,positivo,Mexico political figures
283,1595237074797486081,@lopezobrador_ le gusta hablar como merolico en las ma√±aneras  que explique c√≥mo va la vacuna #Patria contra el #COVID19 ?,positivo,Mexico political figures
284,1595236995864961024,Ayer entren√©  hoy vacuna  es decir muriendo porque me duele toda la cuerpa y no se a cual de ambos culpar,negativo,COVID-19
285,1595236953456361472,@alkurion @manhattan_2 Vacuna de influenza  otro veneno.,negativo,COVID-19
286,1595236950352486400,"@IzavelPty @Dr_PaulinoVigil Conozco varios tambi√©n  con condiciones distintas  pero con afectaciones despu√©s de la vacuna  lo cual les tocar√° vivir con ellas. Ah! Pero  √©l quiere que todos seamos ""INTELIGENTE"" en seguir  experimentando nuestro cuerpo con el l√≠quido eseü§¶üèª‚Äç‚ôÄÔ∏è",positivo,COVID-19
287,1595236919587258369,@marcosfarina741 @enriquevp @lugo_py La vacuna curaba al 100%...decian ü§°,neutral,Paraguay political figures
288,1595236324067274753,@manolodevuelta3 Me rompe el coraz√≥n... como al Kun despu√©s de la vacuna!!,positivo,COVID-19
289,1595235913512390658,Como la Vacuna Cubana dice    nosotros tampoco te necesitamos. #CubaNoEstaSola https://t.co/KvdpXFyFN1,neutral,COVID-19
290,1595235871841738752,@rmayorgac No esperar nada de ellos/as es vacuna para no decepcionarse,positivo,COVID-19
291,1595235733958189058,¬°A vacunarse chamacas!üò≤ Detalles aqu√≠: https://t.co/WVhgZu86To #Papiloma #vacuna #Salud,positivo,COVID-19
292,1595235716606345224,@EI_Tepaches @soyranaestrada Hab√≠a m√°s gente en la vacuna  y eso que hay un chingo de anti vacunas,neutral,COVID-19
293,1595235685799174146,#Vac√∫nateContraLaInfluenzaüíâ | Sigue estas recomendaciones para recibir la vacuna  lava tus manos frecuentemente.  #PrevenirEsSalud https://t.co/FjsiaTKwK7,neutral,COVID-19
294,1595235640437768193,"@Gall_Kemal @CdEdFdFpE13 @oOoConservas No dije eso  pero tratas a la vacuna como si fuera 0 % efectiva y poco importante  como si fuera ""abusivo"" esa medida... La regla es por prevenci√≥n  como el cintur√≥n de seguridad al conducir. No es tan dif√≠cil de entenderlo...",positivo,COVID-19
295,1595235533944680453,"‚ù§Roc√≠o De Meer: ""Defendamos Lo Local Frente a Lo Global"" ""Donde Hoy Hay #GLOBALISMO Pongamos SOBERANIA"" üö´No A La #Agenda2030 üö´No Al #NuevoOrdenMundial üö´Vacunaüíâ= #Despoblacion #FalsoCambioClimatico üßêEl Culpable No Eres Tu Sino Su Sistema Elitista y Corrupto! #CorporatoCracia https://t.co/h91gfFroaF",positivo,COVID-19
296,1595235486343249921,"Un correo electr√≥nico expone un aumento impactante en los beb√©s de la UCIN y las muertes fetales solo unos meses despu√©s del lanzamiento de la vacuna de covid.  Administrador del hospital: ""Parece que el aumento de muertes fetales que estamos viendo va a continuar"" #NoTeVacunes https://t.co/wvnULgeU4J",negativo,COVID-19: Latest news updates from around the world
297,1595235472086745088,@lectorcitapsi Animo pero no se como no te das cuenta que fue la vacuna!!!,positivo,COVID-19
298,1595235283355652096,Jonas Salk  desarrollador de la vacuna contra la polio.,neutral,COVID-19
299,1595235229903753216,@cap890 @DanannOficial @IgualdadLGBT Imag√≠nate q aunque una vacuna experimental no previene el contagio te obligan a pon√©rtela y aunque est√° probado que es as√≠ todos te dicen ego√≠sta xq vas a contagiar a los dem√°s aunque ya te hayan explicado que la vacuna no cambia nada y te dejan sin ejercer tu laburo x 1 mentira,negativo,COVID-19
